-- phpMyAdmin SQL Dump
-- version 5.2.0
-- https://www.phpmyadmin.net/
--
-- Хост: 127.0.0.1:3306
-- Время создания: Май 15 2024 г., 23:38
-- Версия сервера: 8.0.30
-- Версия PHP: 7.2.34

SET SQL_MODE = "NO_AUTO_VALUE_ON_ZERO";
START TRANSACTION;
SET time_zone = "+00:00";


/*!40101 SET @OLD_CHARACTER_SET_CLIENT=@@CHARACTER_SET_CLIENT */;
/*!40101 SET @OLD_CHARACTER_SET_RESULTS=@@CHARACTER_SET_RESULTS */;
/*!40101 SET @OLD_COLLATION_CONNECTION=@@COLLATION_CONNECTION */;
/*!40101 SET NAMES utf8mb4 */;

--
-- База данных: `stats-report`
--
CREATE DATABASE IF NOT EXISTS `stats-report` DEFAULT CHARACTER SET utf8mb4 COLLATE utf8mb4_0900_ai_ci;
USE `stats-report`;

-- --------------------------------------------------------

--
-- Структура таблицы `cities`
--

CREATE TABLE `cities` (
  `id` int NOT NULL,
  `text` text,
  `id_region` int NOT NULL
) ENGINE=InnoDB DEFAULT CHARSET=utf8mb4 COLLATE=utf8mb4_0900_ai_ci;

--
-- Дамп данных таблицы `cities`
--

INSERT INTO `cities` (`id`, `text`, `id_region`) VALUES
(-1, 'Не выбрано', -1),
(1, 'Москва', 1),
(2, 'Абрамцево', 1),
(3, 'Алабино', 1),
(4, 'Апрелевка', 1),
(5, 'Архангельское', 1),
(6, 'Ашитково', 1),
(7, 'Байконур', 1),
(8, 'Бакшеево', 1),
(9, 'Балашиха', 1),
(10, 'Барыбино', 1),
(11, 'Белоомут', 1),
(12, 'Белые Столбы', 1),
(13, 'Бородино', 1),
(14, 'Бронницы', 1),
(15, 'Быково', 1),
(16, 'Валуево', 1),
(17, 'Вербилки', 1),
(18, 'Верея', 1),
(19, 'Видное', 1),
(20, 'Внуково', 1),
(21, 'Вождь Пролетариата', 1),
(22, 'Волоколамск', 1),
(23, 'Вороново', 1),
(24, 'Воскресенск', 1),
(25, 'Восточный', 1),
(26, 'Востряково', 1),
(27, 'Высоковск', 1),
(28, 'Голицино', 1),
(29, 'Деденево', 1),
(30, 'Дедовск', 1),
(31, 'Джержинский', 1),
(32, 'Дмитров', 1),
(33, 'Долгопрудный', 1),
(34, 'Домодедово', 1),
(35, 'Дорохово', 1),
(36, 'Дрезна', 1),
(37, 'Дубки', 1),
(38, 'Дубна', 1),
(39, 'Егорьевск', 1),
(40, 'Железнодорожный', 1),
(41, 'Жилево', 1),
(42, 'Жуковский', 1),
(43, 'Загорск', 1),
(44, 'Загорянский', 1),
(45, 'Запрудная', 1),
(46, 'Зарайск', 1),
(47, 'Звенигород', 1),
(48, 'Зеленоград', 1),
(49, 'Ивантеевка', 1),
(50, 'Икша', 1),
(51, 'Ильинский', 1),
(52, 'Истра', 1),
(53, 'Калининград', 1),
(54, 'Кашира', 1),
(55, 'Керва', 1),
(56, 'Климовск', 1),
(57, 'Клин', 1),
(58, 'Клязьма', 1),
(59, 'Кожино', 1),
(60, 'Кокошкино', 1),
(61, 'Коломна', 1),
(62, 'Колюбакино', 1),
(63, 'Королев', 1),
(64, 'Косино', 1),
(65, 'Котельники', 1),
(66, 'Красково', 1),
(67, 'Красноармейск', 1),
(68, 'Красногорск', 1),
(69, 'Краснозаводск', 1),
(70, 'Краснознаменск', 1),
(71, 'Красный Ткач', 1),
(72, 'Крюково', 1),
(73, 'Кубинка', 1),
(74, 'Купавна', 1),
(75, 'Куровское', 1),
(76, 'Лесной Городок', 1),
(77, 'Ликино-Дулево', 1),
(78, 'Лобня', 1),
(79, 'Лопатинский', 1),
(80, 'Лосино-Петровский', 1),
(81, 'Лотошино', 1),
(82, 'Лукино', 1),
(83, 'Луховицы', 1),
(84, 'Лыткарино', 1),
(85, 'Львовский', 1),
(86, 'Люберцы', 1),
(87, 'Малаховка', 1),
(88, 'Михайловское', 1),
(89, 'Михнево', 1),
(90, 'Можайск', 1),
(91, 'Монино', 1),
(92, 'Муханово', 1),
(93, 'Мытищи', 1),
(94, 'Нарофоминск', 1),
(95, 'Нахабино', 1),
(96, 'Некрасовка', 1),
(97, 'Немчиновка', 1),
(98, 'Новобратцевский', 1),
(99, 'Новоподрезково', 1),
(100, 'Ногинск', 1),
(101, 'Обухово', 1),
(102, 'Одинцово', 1),
(103, 'Ожерелье', 1),
(104, 'Озеры', 1),
(105, 'Октябрьский', 1),
(106, 'Опалиха', 1),
(107, 'Орехово-Зуево', 1),
(108, 'Павловский Посад', 1),
(109, 'Первомайский', 1),
(110, 'Пески', 1),
(111, 'Пироговский', 1),
(112, 'Подольск', 1),
(113, 'Полушкино', 1),
(114, 'Правдинский', 1),
(115, 'Привокзальный', 1),
(116, 'Пролетарский', 1),
(117, 'Протвино', 1),
(118, 'Пушкино', 1),
(119, 'Пущино', 1),
(120, 'Радовицкий', 1),
(121, 'Раменское', 1),
(122, 'Реутов', 1),
(123, 'Решетниково', 1),
(124, 'Родники', 1),
(125, 'Рошаль', 1),
(126, 'Рублево', 1),
(127, 'Руза', 1),
(128, 'Салтыковка', 1),
(129, 'Северный', 1),
(130, 'Сергиев Посад', 1),
(131, 'Серебряные Пруды', 1),
(132, 'Серпухов', 1),
(133, 'Солнечногорск', 1),
(134, 'Солнцево', 1),
(135, 'Софрино', 1),
(136, 'Старая Купавна', 1),
(137, 'Старбеево', 1),
(138, 'Ступино', 1),
(139, 'Сходня', 1),
(140, 'Талдом', 1),
(141, 'Текстильщик', 1),
(142, 'Темпы', 1),
(143, 'Тишково', 1),
(144, 'Томилино', 1),
(145, 'Троицк', 1),
(146, 'Туголесский Бор', 1),
(147, 'Тучково', 1),
(148, 'Уваровка', 1),
(149, 'Удельная', 1),
(150, 'Успенское', 1),
(151, 'Фирсановка', 1),
(152, 'Фосфоритный', 1),
(153, 'Фрязино', 1),
(154, 'Фряново', 1),
(155, 'Химки', 1),
(156, 'Хорлово', 1),
(157, 'Хотьково', 1),
(158, 'Черкизово', 1),
(159, 'Черноголовка', 1),
(160, 'Черусти', 1),
(161, 'Чехов', 1),
(162, 'Шарапово', 1),
(163, 'Шатура', 1),
(164, 'Шатурторф', 1),
(165, 'Шаховская', 1),
(166, 'Шереметьевский', 1),
(167, 'Щелково', 1),
(168, 'Щербинка', 1),
(169, 'Электрогорск', 1),
(170, 'Электросталь', 1),
(171, 'Электроугли', 1),
(172, 'Яхрома', 1),
(173, 'Санкт-Петербург', 2),
(174, 'Александровская', 2),
(175, 'Бокситогорск', 2),
(176, 'Большая Ижора', 2),
(177, 'Будогощь', 2),
(178, 'Вознесенье', 2),
(179, 'Волосово', 2),
(180, 'Волхов', 2),
(181, 'Всеволожск', 2),
(182, 'Выборг', 2),
(183, 'Вырица', 2),
(184, 'Высоцк', 2),
(185, 'Гатчина', 2),
(186, 'Дружная Горка', 2),
(187, 'Дубровка', 2),
(188, 'Ефимовский', 2),
(189, 'Зеленогорск', 2),
(190, 'Ивангород', 2),
(191, 'Каменногорск', 2),
(192, 'Кикерино', 2),
(193, 'Кингисепп', 2),
(194, 'Кириши', 2),
(195, 'Кировск', 2),
(196, 'Кобринское', 2),
(197, 'Колпино', 2),
(198, 'Коммунар', 2),
(199, 'Кронштадт', 2),
(200, 'Лисий Нос', 2),
(201, 'Лодейное Поле', 2),
(202, 'Ломоносов', 2),
(203, 'Луга', 2),
(204, 'Павловск', 2),
(205, 'Парголово', 2),
(206, 'Петродворец', 2),
(207, 'Пикалёво', 2),
(208, 'Подпорожье', 2),
(209, 'Приозерск', 2),
(210, 'Пушкин', 2),
(211, 'Сестрорецк', 2),
(212, 'Сланцы', 2),
(213, 'Сосновый Бор', 2),
(214, 'Тихвин', 2),
(215, 'Тосно', 2),
(216, 'Шлиссельбург', 2),
(219, 'Акташ', 4),
(220, 'Акутиха', 4),
(221, 'Алейск', 4),
(222, 'Алтайский', 4),
(223, 'Баево', 4),
(224, 'Барнаул', 4),
(225, 'Белово', 4),
(226, 'Белокуриха', 4),
(227, 'Белоярск', 4),
(228, 'Бийск', 4),
(229, 'Благовещенск', 4),
(230, 'Боровлянка', 4),
(231, 'Бурла', 4),
(232, 'Бурсоль', 4),
(233, 'Волчиха', 4),
(234, 'Горно-Алтайск', 4),
(235, 'Горняк', 4),
(236, 'Ельцовка', 4),
(237, 'Залесово', 4),
(238, 'Заринск', 4),
(239, 'Заток', 4),
(240, 'Змеиногорск', 4),
(241, 'Камень-на-Оби', 4),
(242, 'Ключи', 4),
(243, 'Кош-Агач', 4),
(244, 'Красногорское', 4),
(245, 'Краснощеково', 4),
(246, 'Кулунда', 4),
(247, 'Кытманово', 4),
(248, 'Мамонтово', 4),
(249, 'Новичиха', 4),
(250, 'Новоалтайск', 4),
(251, 'Онгудай', 4),
(252, 'Павловск', 4),
(253, 'Петропавловское', 4),
(254, 'Поспелиха', 4),
(255, 'Ребриха', 4),
(256, 'Родино', 4),
(257, 'Рубцовск', 4),
(258, 'Славгород', 4),
(259, 'Смоленское', 4),
(260, 'Солонешное', 4),
(261, 'Солтон', 4),
(262, 'Староаллейское', 4),
(263, 'Табуны', 4),
(264, 'Тальменка', 4),
(265, 'Топчиха', 4),
(266, 'Троицкое', 4),
(267, 'Турочак', 4),
(268, 'Тюменцево', 4),
(269, 'Угловское', 4),
(270, 'Усть-Калманка', 4),
(271, 'Усть-Кан', 4),
(272, 'Усть-Кокса', 4),
(273, 'Усть-Улаган', 4),
(274, 'Усть-Чарышская Пристань', 4),
(275, 'Хабары', 4),
(276, 'Целинное', 4),
(277, 'Чарышское', 4),
(278, 'Шебалино', 4),
(279, 'Шелаболиха', 4),
(280, 'Шипуново', 4),
(281, 'Айгунь', 5),
(282, 'Архара', 5),
(283, 'Белогорск', 5),
(284, 'Благовещенск (Амурская обл.)', 5),
(285, 'Бурея', 5),
(286, 'Возжаевка', 5),
(287, 'Екатеринославка', 5),
(288, 'Ерофей Павлович', 5),
(289, 'Завитинск', 5),
(290, 'Зея', 5),
(291, 'Златоустовск', 5),
(292, 'Ивановка', 5),
(293, 'Коболдо', 5),
(294, 'Магдагачи', 5),
(295, 'Новобурейский', 5),
(296, 'Поярково', 5),
(297, 'Райчихинск', 5),
(298, 'Ромны', 5),
(299, 'Свободный', 5),
(300, 'Серышево', 5),
(301, 'Сковородино', 5),
(302, 'Стойба', 5),
(303, 'Тамбовка', 5),
(304, 'Тында', 5),
(305, 'Шимановск', 5),
(306, 'Экимчан', 5),
(307, 'Ядрино', 5),
(308, 'Амдерма', 6),
(309, 'Архангельск', 6),
(310, 'Березник', 6),
(311, 'Вельск', 6),
(312, 'Верхняя Тойма', 6),
(313, 'Волошка', 6),
(314, 'Вычегодский', 6),
(315, 'Емца', 6),
(316, 'Илеза', 6),
(317, 'Ильинско-Подомское', 6),
(318, 'Каргополь', 6),
(319, 'Карпогоры', 6),
(320, 'Кодино', 6),
(321, 'Коноша', 6),
(322, 'Коряжма', 6),
(323, 'Котлас', 6),
(324, 'Красноборск', 6),
(325, 'Лешуконское', 6),
(326, 'Мезень', 6),
(327, 'Мирный', 6),
(328, 'Нарьян-Мар', 6),
(329, 'Новодвинск', 6),
(330, 'Няндома', 6),
(331, 'Онега', 6),
(332, 'Пинега', 6),
(333, 'Плесецк', 6),
(334, 'Северодвинск', 6),
(335, 'Сольвычегодск', 6),
(336, 'Холмогоры', 6),
(337, 'Шенкурск', 6),
(338, 'Яренск', 6),
(339, 'Астрахань', 7),
(340, 'Ахтубинск', 7),
(341, 'Верхний Баскунчак', 7),
(342, 'Володарский', 7),
(343, 'Енотаевка', 7),
(344, 'Икряное', 7),
(345, 'Камызяк', 7),
(346, 'Капустин Яр', 7),
(347, 'Красный Яр', 7),
(348, 'Лиман', 7),
(349, 'Началово', 7),
(350, 'Харабали', 7),
(351, 'Черный Яр', 7),
(352, 'Аксаково', 8),
(353, 'Амзя', 8),
(354, 'Аскино', 8),
(355, 'Баймак', 8),
(356, 'Бакалы', 8),
(357, 'Белебей', 8),
(358, 'Белорецк', 8),
(359, 'Бижбуляк', 8),
(360, 'Бирск', 8),
(361, 'Благовещенск', 8),
(362, 'Большеустьикинское', 8),
(363, 'Бураево', 8),
(364, 'Верхнеяркеево', 8),
(365, 'Верхние Киги', 8),
(366, 'Верхние Татышлы', 8),
(367, 'Верхний Авзян', 8),
(368, 'Давлеканово', 8),
(369, 'Дуван', 8),
(370, 'Дюртюли', 8),
(371, 'Ермекеево', 8),
(372, 'Ермолаево', 8),
(373, 'Зилаир', 8),
(374, 'Зирган', 8),
(375, 'Иглино', 8),
(376, 'Инзер', 8),
(377, 'Исянгулово', 8),
(378, 'Ишимбай', 8),
(379, 'Кананикольское', 8),
(380, 'Кандры', 8),
(381, 'Караидель', 8),
(382, 'Караидельский', 8),
(383, 'Киргиз-Мияки', 8),
(384, 'Красноусольский', 8),
(385, 'Кумертау', 8),
(386, 'Кушнаренково', 8),
(387, 'Малояз', 8),
(388, 'Мелеуз', 8),
(389, 'Месягутово', 8),
(390, 'Мраково', 8),
(391, 'Нефтекамск', 8),
(392, 'Октябрьский', 8),
(393, 'Раевский', 8),
(394, 'Салават', 8),
(395, 'Сибай', 8),
(396, 'Старобалтачево', 8),
(397, 'Старосубхангулово', 8),
(398, 'Стерлибашево', 8),
(399, 'Стерлитамак', 8),
(400, 'Туймазы', 8),
(401, 'Уфа', 8),
(402, 'Учалы', 8),
(403, 'Федоровка', 8),
(404, 'Чекмагуш', 8),
(405, 'Чишмы', 8),
(406, 'Шаран', 8),
(407, 'Янаул', 8),
(408, 'Алексеевка', 9),
(409, 'Белгород', 9),
(410, 'Борисовка', 9),
(411, 'Валуйки', 9),
(412, 'Вейделевка', 9),
(413, 'Волоконовка', 9),
(414, 'Грайворон', 9),
(415, 'Губкин', 9),
(416, 'Ивня', 9),
(417, 'Короча', 9),
(418, 'Красногвардейское', 9),
(419, 'Новый Оскол', 9),
(420, 'Ракитное', 9),
(421, 'Ровеньки', 9),
(422, 'Старый Оскол', 9),
(423, 'Строитель', 9),
(424, 'Чернянка', 9),
(425, 'Шебекино', 9),
(426, 'Алтухово', 10),
(427, 'Белая Березка', 10),
(428, 'Белые Берега', 10),
(429, 'Большое Полпино', 10),
(430, 'Брянск', 10),
(431, 'Бытошь', 10),
(432, 'Выгоничи', 10),
(433, 'Вышков', 10),
(434, 'Гордеевка', 10),
(435, 'Дубровка', 10),
(436, 'Дятьково', 10),
(437, 'Жирятино', 10),
(438, 'Жуковка', 10),
(439, 'Злынка', 10),
(440, 'Ивот', 10),
(441, 'Карачев', 10),
(442, 'Клетня', 10),
(443, 'Климово', 10),
(444, 'Клинцы', 10),
(445, 'Кокаревка', 10),
(446, 'Комаричи', 10),
(447, 'Красная Гора', 10),
(448, 'Локоть', 10),
(449, 'Мглин', 10),
(450, 'Навля', 10),
(451, 'Новозыбков', 10),
(452, 'Погар', 10),
(453, 'Почеп', 10),
(454, 'Ржаница', 10),
(455, 'Рогнедино', 10),
(456, 'Севск', 10),
(457, 'Стародуб', 10),
(458, 'Суземка', 10),
(459, 'Сураж', 10),
(460, 'Трубчевск', 10),
(461, 'Унеча', 10),
(462, 'Бабушкин', 11),
(463, 'Багдарин', 11),
(464, 'Баргузин', 11),
(465, 'Баянгол', 11),
(466, 'Бичура', 11),
(467, 'Выдрино', 11),
(468, 'Гусиное Озеро', 11),
(469, 'Гусиноозерск', 11),
(470, 'Заиграево', 11),
(471, 'Закаменск', 11),
(472, 'Иволгинск', 11),
(473, 'Илька', 11),
(474, 'Кабанск', 11),
(475, 'Каменск', 11),
(476, 'Кижинга', 11),
(477, 'Курумкан', 11),
(478, 'Кырен', 11),
(479, 'Кяхта', 11),
(480, 'Монды', 11),
(481, 'Мухоршибирь', 11),
(482, 'Нижнеангарск', 11),
(483, 'Орлик', 11),
(484, 'Петропавловка', 11),
(485, 'Романовка', 11),
(486, 'Северобайкальск', 11),
(487, 'Селенгинск', 11),
(488, 'Сосново-Озерское', 11),
(489, 'Таксимо', 11),
(490, 'Турунтаево', 11),
(491, 'Улан-Удэ', 11),
(492, 'Хоринск', 11),
(493, 'Александров', 12),
(494, 'Андреево', 12),
(495, 'Анопино', 12),
(496, 'Бавлены', 12),
(497, 'Балакирево', 12),
(498, 'Боголюбово', 12),
(499, 'Великодворский', 12),
(500, 'Вербовский', 12),
(501, 'Владимир', 12),
(502, 'Вязники', 12),
(503, 'Городищи', 12),
(504, 'Гороховец', 12),
(505, 'Гусевский', 12),
(506, 'Гусь Хрустальный', 12),
(507, 'Золотково', 12),
(508, 'Иванищи', 12),
(509, 'Камешково', 12),
(510, 'Карабаново', 12),
(511, 'Киржач', 12),
(512, 'Ковров', 12),
(513, 'Кольчугино', 12),
(514, 'Красная Горбатка', 12),
(515, 'Меленки', 12),
(516, 'Муром', 12),
(517, 'Петушки', 12),
(518, 'Покров', 12),
(519, 'Собинка', 12),
(520, 'Судогда', 12),
(521, 'Суздаль', 12),
(522, 'Юрьев-Польский', 12),
(523, 'Алексеевская', 13),
(524, 'Алущевск', 13),
(525, 'Быково', 13),
(526, 'Волгоград', 13),
(527, 'Волжский', 13),
(528, 'Городище', 13),
(529, 'Дубовка', 13),
(530, 'Елань', 13),
(531, 'Жирновск', 13),
(532, 'Иловля', 13),
(533, 'Калач-на-Дону', 13),
(534, 'Камышин', 13),
(535, 'Кириллов', 13),
(536, 'Клетский', 13),
(537, 'Котельниково', 13),
(538, 'Котово', 13),
(539, 'Кумылженская', 13),
(540, 'Ленинск', 13),
(541, 'Михайловка', 13),
(542, 'Нехаевский', 13),
(543, 'Николаевск', 13),
(544, 'Новоаннинский', 13),
(545, 'Новониколаевский', 13),
(546, 'Ольховка', 13),
(547, 'Палласовка', 13),
(548, 'Рудня', 13),
(549, 'Светлый Яр', 13),
(550, 'Серафимович', 13),
(551, 'Средняя Ахтуба', 13),
(552, 'Сталинград', 13),
(553, 'Старая Полтавка', 13),
(554, 'Суровикино', 13),
(555, 'Урюпинск', 13),
(556, 'Фролово', 13),
(557, 'Чернышковский', 13),
(558, 'Бабаево', 14),
(559, 'Белозерск', 14),
(560, 'Великий Устюг', 14),
(561, 'Верховажье', 14),
(562, 'Вожега', 14),
(563, 'Вологда', 14),
(564, 'Вохтога', 14),
(565, 'Вытегра', 14),
(566, 'Грязовец', 14),
(567, 'Кадников', 14),
(568, 'Кадуй', 14),
(569, 'Кичменгский Городок', 14),
(570, 'Липин Бор', 14),
(571, 'Никольск', 14),
(572, 'Нюксеница', 14),
(573, 'Сокол', 14),
(574, 'Сямжа', 14),
(575, 'Тарногский Городок', 14),
(576, 'Тотьма', 14),
(577, 'Устюжна', 14),
(578, 'Харовск', 14),
(579, 'Чагода', 14),
(580, 'Череповец', 14),
(581, 'Шексна', 14),
(582, 'Шуйское', 14),
(583, 'Анна', 15),
(584, 'Бобров', 15),
(585, 'Богучар', 15),
(586, 'Борисоглебск', 15),
(587, 'Бутурлиновка', 15),
(588, 'Верхний Мамон', 15),
(589, 'Верхняя Хава', 15),
(590, 'Воробьевка', 15),
(591, 'Воронеж', 15),
(592, 'Грибановский', 15),
(593, 'Давыдовка', 15),
(594, 'Елань-Коленовский', 15),
(595, 'Калач', 15),
(596, 'Кантемировка', 15),
(597, 'Лиски', 15),
(598, 'Нижнедевицк', 15),
(599, 'Новая Усмань', 15),
(600, 'Новохоперск', 15),
(601, 'Ольховатка', 15),
(602, 'Острогожск', 15),
(603, 'Павловск', 15),
(604, 'Панино', 15),
(605, 'Петропавловка', 15),
(606, 'Поворино', 15),
(607, 'Подгоренский', 15),
(608, 'Рамонь', 15),
(609, 'Репьевка', 15),
(610, 'Россошь', 15),
(611, 'Семилуки', 15),
(612, 'Таловая', 15),
(613, 'Терновка', 15),
(614, 'Хохольский', 15),
(615, 'Эртиль', 15),
(616, 'нововоронеж', 15),
(617, 'Агвали', 16),
(618, 'Акуша', 16),
(619, 'Ахты', 16),
(620, 'Ачису', 16),
(621, 'Бабаюрт', 16),
(622, 'Бежта', 16),
(623, 'Ботлих', 16),
(624, 'Буйнакск', 16),
(625, 'Вачи', 16),
(626, 'Гергебиль', 16),
(627, 'Гуниб', 16),
(628, 'Дагестанские Огни', 16),
(629, 'Дербент', 16),
(630, 'Дылым', 16),
(631, 'Ершовка', 16),
(632, 'Избербаш', 16),
(633, 'Карабудахкент', 16),
(634, 'Карата', 16),
(635, 'Каспийск', 16),
(636, 'Касумкент', 16),
(637, 'Кизилюрт', 16),
(638, 'Кизляр', 16),
(639, 'Кочубей', 16),
(640, 'Кумух', 16),
(641, 'Курах', 16),
(642, 'Магарамкент', 16),
(643, 'Маджалис', 16),
(644, 'Махачкала', 16),
(645, 'Мехельта', 16),
(646, 'Новолакское', 16),
(647, 'Рутул', 16),
(648, 'Советское', 16),
(649, 'Тарумовка', 16),
(650, 'Терекли-Мектеб', 16),
(651, 'Тлярата', 16),
(652, 'Тпиг', 16),
(653, 'Уркарах', 16),
(654, 'Хасавюрт', 16),
(655, 'Хив', 16),
(656, 'Хунзах', 16),
(657, 'Цуриб', 16),
(658, 'Южно-Сухокумск', 16),
(660, 'Архиповка', 18),
(661, 'Верхний Ландех', 18),
(662, 'Вичуга', 18),
(663, 'Гаврилов Посад', 18),
(664, 'Долматовский', 18),
(665, 'Дуляпино', 18),
(666, 'Заволжск', 18),
(667, 'Заречный', 18),
(668, 'Иваново', 18),
(669, 'Иваньковский', 18),
(670, 'Ильинское-Хованское', 18),
(671, 'Каминский', 18),
(672, 'Кинешма', 18),
(673, 'Комсомольск', 18),
(674, 'Кохма', 18),
(675, 'Лух', 18),
(676, 'Палех', 18),
(677, 'Пестяки', 18),
(678, 'Приволжск', 18),
(679, 'Пучеж', 18),
(680, 'Родники', 18),
(681, 'Савино', 18),
(682, 'Сокольское', 18),
(683, 'Тейково', 18),
(684, 'Фурманов', 18),
(685, 'Шуя', 18),
(686, 'Южа', 18),
(687, 'Юрьевец', 18),
(688, 'Алексеевск', 19),
(689, 'Алзамай', 19),
(690, 'Алыгжер', 19),
(691, 'Ангарск', 19),
(692, 'Артемовский', 19),
(693, 'Атагай', 19),
(694, 'Байкал', 19),
(695, 'Байкальск', 19),
(696, 'Балаганск', 19),
(697, 'Баяндай', 19),
(698, 'Бирюсинск', 19),
(699, 'Бодайбо', 19),
(700, 'Большая Речка', 19),
(701, 'Большой Луг', 19),
(702, 'Бохан', 19),
(703, 'Братск', 19),
(704, 'Видим', 19),
(705, 'Витимский', 19),
(706, 'Вихоревка', 19),
(707, 'Еланцы', 19),
(708, 'Ербогачен', 19),
(709, 'Железногорск-Илимский', 19),
(710, 'Жигалово', 19),
(711, 'Забитуй', 19),
(712, 'Залари', 19),
(713, 'Звездный', 19),
(714, 'Зима', 19),
(715, 'Иркутск', 19),
(716, 'Казачинское', 19),
(717, 'Качуг', 19),
(718, 'Квиток', 19),
(719, 'Киренск', 19),
(720, 'Куйтун', 19),
(721, 'Култук', 19),
(722, 'Кутулик', 19),
(723, 'Мама', 19),
(724, 'Нижнеудинск', 19),
(725, 'Оса', 19),
(726, 'Саянск', 19),
(727, 'Слюдянка', 19),
(728, 'Тайшет', 19),
(729, 'Тулун', 19),
(730, 'Усолье-Сибирское', 19),
(731, 'Усть-Илимск', 19),
(732, 'Усть-Кут', 19),
(733, 'Усть-Ордынский', 19),
(734, 'Усть-Уда', 19),
(735, 'Черемхово', 19),
(736, 'Чунский', 19),
(737, 'Шелехов', 19),
(738, 'Баксан', 20),
(739, 'Майский', 20),
(740, 'Нальчик', 20),
(741, 'Нарткала', 20),
(742, 'Прохладный', 20),
(743, 'Советское', 20),
(744, 'Терек', 20),
(745, 'Тырныауз', 20),
(746, 'Чегем-Первый', 20),
(747, 'Багратионовск', 21),
(748, 'Балтийск', 21),
(749, 'Гвардейск', 21),
(750, 'Гурьевск', 21),
(751, 'Гусев', 21),
(752, 'Железнодорожный', 21),
(753, 'Зеленоградск', 21),
(754, 'Знаменск', 21),
(755, 'Кёнигсберг', 21),
(756, 'Калининград', 21),
(757, 'Кенисберг', 21),
(758, 'Краснознаменск', 21),
(759, 'Мамоново', 21),
(760, 'Неман', 21),
(761, 'Нестеров', 21),
(762, 'Озерск', 21),
(763, 'Полесск', 21),
(764, 'Правдинск', 21),
(765, 'Светлогорск', 21),
(766, 'Светлый', 21),
(767, 'Славск', 21),
(768, 'Советск', 21),
(769, 'Черняховск', 21),
(770, 'Аршань', 22),
(771, 'Каспийский', 22),
(772, 'Комсомольский', 22),
(773, 'Малые Дербеты', 22),
(774, 'Приютное', 22),
(775, 'Советское', 22),
(776, 'Троицкое', 22),
(777, 'Утта', 22),
(778, 'Цаган-Аман', 22),
(779, 'Элиста', 22),
(780, 'Юста', 22),
(781, 'Яшалта', 22),
(782, 'Яшкуль', 22),
(783, 'Бабынино', 23),
(784, 'Балабаново', 23),
(785, 'Барятино', 23),
(786, 'Белоусово', 23),
(787, 'Бетлица', 23),
(788, 'Боровск', 23),
(789, 'Дугна', 23),
(790, 'Дудоровский', 23),
(791, 'Думиничи', 23),
(792, 'Еленский', 23),
(793, 'Жиздра', 23),
(794, 'Износки', 23),
(795, 'Калуга', 23),
(796, 'Киров', 23),
(797, 'Козельск', 23),
(798, 'Кондрово', 23),
(799, 'Людиново', 23),
(800, 'Малоярославец', 23),
(801, 'Медынь', 23),
(802, 'Мещовск', 23),
(803, 'Мосальск', 23),
(804, 'Обнинск', 23),
(805, 'Перемышль', 23),
(806, 'Спас-Деменск', 23),
(807, 'Сухиничи', 23),
(808, 'Таруса', 23),
(809, 'Ульяново', 23),
(810, 'Ферзиково', 23),
(811, 'Хвастовичи', 23),
(812, 'Юхнов', 23),
(813, 'Атласово', 24),
(814, 'Аянка', 24),
(815, 'Большерецк', 24),
(816, 'Вилючинск', 24),
(817, 'Елизово', 24),
(818, 'Ильпырский', 24),
(819, 'Каменское', 24),
(820, 'Кировский', 24),
(821, 'Ключи', 24),
(822, 'Крапивная', 24),
(823, 'Мильково', 24),
(824, 'Никольское', 24),
(825, 'Озерновский', 24),
(826, 'Оссора', 24),
(827, 'Палана', 24),
(828, 'Парень', 24),
(829, 'Пахачи', 24),
(830, 'Петропавловск-Камчатский', 24),
(831, 'Тигиль', 24),
(832, 'Тиличики', 24),
(833, 'Усть-Большерецк', 24),
(834, 'Усть-Камчатск', 24),
(863, 'Анжеро-Судженск', 26),
(864, 'Барзас', 26),
(865, 'Белово', 26),
(866, 'Белогорск', 26),
(867, 'Березовский', 26),
(868, 'Грамотеино', 26),
(869, 'Гурьевск', 26),
(870, 'Ижморский', 26),
(871, 'Итатский', 26),
(872, 'Калтан', 26),
(873, 'Кедровка', 26),
(874, 'Кемерово', 26),
(875, 'Киселевск', 26),
(876, 'Крапивинский', 26),
(877, 'Ленинск-Кузнецкий', 26),
(878, 'Мариинск', 26),
(879, 'Междуреченск', 26),
(880, 'Мыски', 26),
(881, 'Новокузнецк', 26),
(882, 'Осинники', 26),
(883, 'Прокопьевск', 26),
(884, 'Промышленная', 26),
(885, 'Тайга', 26),
(886, 'Таштагол', 26),
(887, 'Тисуль', 26),
(888, 'Топки', 26),
(889, 'Тяжинский', 26),
(890, 'Юрга', 26),
(891, 'Яшкино', 26),
(892, 'Яя', 26),
(893, 'Арбаж', 27),
(894, 'Аркуль', 27),
(895, 'Белая Холуница', 27),
(896, 'Богородское', 27),
(897, 'Боровой', 27),
(898, 'Верхошижемье', 27),
(899, 'Вятские Поляны', 27),
(900, 'Зуевка', 27),
(901, 'Каринторф', 27),
(902, 'Кикнур', 27),
(903, 'Кильмезь', 27),
(904, 'Киров', 27),
(905, 'Кирово-Чепецк', 27),
(906, 'Кирс', 27),
(907, 'Кобра', 27),
(908, 'Котельнич', 27),
(909, 'Кумены', 27),
(910, 'Ленинское', 27),
(911, 'Луза', 27),
(912, 'Малмыж', 27),
(913, 'Мураши', 27),
(914, 'Нагорск', 27),
(915, 'Нема', 27),
(916, 'Нововятск', 27),
(917, 'Нолинск', 27),
(918, 'Омутнинск', 27),
(919, 'Опарино', 27),
(920, 'Оричи', 27),
(921, 'Пижанка', 27),
(922, 'Подосиновец', 27),
(923, 'Санчурск', 27),
(924, 'Свеча', 27),
(925, 'Слободской', 27),
(926, 'Советск', 27),
(927, 'Суна', 27),
(928, 'Тужа', 27),
(929, 'Уни', 27),
(930, 'Уржум', 27),
(931, 'Фаленки', 27),
(932, 'Халтурин', 27),
(933, 'Юрья', 27),
(934, 'Яранск', 27),
(935, 'Абезь', 28),
(936, 'Айкино', 28),
(937, 'Верхняя Инта', 28),
(938, 'Визинга', 28),
(939, 'Водный', 28),
(940, 'Вожаель', 28),
(941, 'Воркута', 28),
(942, 'Вуктыл', 28),
(943, 'Гешарт', 28),
(944, 'Елецкий', 28),
(945, 'Емва', 28),
(946, 'Заполярный', 28),
(947, 'Ижма', 28),
(948, 'Инта', 28),
(949, 'Ираель', 28),
(950, 'Каджером', 28),
(951, 'Кажым', 28),
(952, 'Кожым', 28),
(953, 'Койгородок', 28),
(954, 'Корткерос', 28),
(955, 'Кослан', 28),
(956, 'Объячево', 28),
(957, 'Печора', 28),
(958, 'Сосногорск', 28),
(959, 'Сыктывкар', 28),
(960, 'Троицко-Печерск', 28),
(961, 'Усинск', 28),
(962, 'Усогорск', 28),
(963, 'Усть-Кулом', 28),
(964, 'Усть-Цильма', 28),
(965, 'Ухта', 28),
(966, 'Антропово', 29),
(967, 'Боговарово', 29),
(968, 'Буй', 29),
(969, 'Волгореченск', 29),
(970, 'Галич', 29),
(971, 'Горчуха', 29),
(972, 'Зебляки', 29),
(973, 'Кадый', 29),
(974, 'Кологрив', 29),
(975, 'Кострома', 29),
(976, 'Красное-на-Волге', 29),
(977, 'Макарьев', 29),
(978, 'Мантурово', 29),
(979, 'Нерехта', 29),
(980, 'Нея', 29),
(981, 'Островское', 29),
(982, 'Павино', 29),
(983, 'Парфентьево', 29),
(984, 'Поназырево', 29),
(985, 'Солигалич', 29),
(986, 'Судиславль', 29),
(987, 'Сусанино', 29),
(988, 'Чухлома', 29),
(989, 'Шарья', 29),
(990, 'Шемятино', 29),
(991, 'Абинск', 30),
(992, 'Абрау-Дюрсо', 30),
(993, 'Анапа', 30),
(994, 'Апшеронск', 30),
(995, 'Армавир', 30),
(996, 'Архипо-Осиповка', 30),
(997, 'Афипский', 30),
(998, 'Ахтырский', 30),
(999, 'Ачуево', 30),
(1000, 'Белореченск', 30),
(1001, 'Верхнебаканский', 30),
(1002, 'Выселки', 30),
(1003, 'Геленджик', 30),
(1004, 'Гиагинская', 30),
(1005, 'Горячий Ключ', 30),
(1006, 'Джубга', 30),
(1007, 'Динская', 30),
(1008, 'Ейск', 30),
(1009, 'Ильский', 30),
(1010, 'Кабардинка', 30),
(1011, 'Калинино', 30),
(1012, 'Калининская', 30),
(1013, 'Каменномостский', 30),
(1014, 'Каневская', 30),
(1015, 'Кореновск', 30),
(1016, 'Красноармейская', 30),
(1017, 'Краснодар', 30),
(1018, 'Кропоткин', 30),
(1019, 'Крыловская', 30),
(1020, 'Крымск', 30),
(1021, 'Курганинск', 30),
(1022, 'Кущевская', 30),
(1023, 'Лабинск', 30),
(1024, 'Лениградская', 30),
(1025, 'Майкоп', 30),
(1026, 'Мостовской', 30),
(1027, 'Новороссийск', 30),
(1028, 'Отрадная', 30),
(1029, 'Павловская', 30),
(1030, 'Приморско-Ахтарск', 30),
(1031, 'Северская', 30),
(1032, 'Славянск-на-Кубани', 30),
(1033, 'Сочи', 30),
(1034, 'Староминская', 30),
(1035, 'Старощербиновская', 30),
(1036, 'Тбилисская', 30),
(1037, 'Темрюк', 30),
(1038, 'Тимашевск', 30),
(1039, 'Тихорецк', 30),
(1040, 'Туапсе', 30),
(1041, 'Тульский', 30),
(1042, 'Усть-Лабинск', 30),
(1043, 'Шовгеновский', 30),
(1044, ' Железногорск', 31),
(1045, 'Абаза', 31),
(1046, 'Абакан', 31),
(1047, 'Абан', 31),
(1048, 'Агинское', 31),
(1049, 'Артемовск', 31),
(1050, 'Аскиз', 31),
(1051, 'Ачинск', 31),
(1052, 'Байкит', 31),
(1053, 'Балахта', 31),
(1054, 'Балыкса', 31),
(1055, 'Белый Яр', 31),
(1056, 'Бельтырский', 31),
(1057, 'Бея', 31),
(1058, 'Бискамжа', 31),
(1059, 'Боготол', 31),
(1060, 'Боград', 31),
(1061, 'Богучаны', 31),
(1062, 'Большая Мурта', 31),
(1063, 'Большой Улуй', 31),
(1064, 'Бородино', 31),
(1065, 'Ванавара', 31),
(1066, 'Верхнеимбатск', 31),
(1067, 'Горячегорск', 31),
(1068, 'Дзержинское', 31),
(1069, 'Дивногорск', 31),
(1070, 'Диксон', 31),
(1071, 'Дудинка', 31),
(1072, 'Емельяново', 31),
(1073, 'Енисейск', 31),
(1074, 'Ермаковское', 31),
(1075, 'Заозерный', 31),
(1076, 'Зеленогорск', 31),
(1077, 'Игарка', 31),
(1078, 'Идринское', 31),
(1079, 'Иланский', 31),
(1080, 'Ирбейское', 31),
(1081, 'Казачинское', 31),
(1082, 'Канск', 31),
(1083, 'Каратузское', 31),
(1084, 'Караул', 31),
(1085, 'Кежма', 31),
(1086, 'Кодинск', 31),
(1087, 'Козулька', 31),
(1088, 'Копьево', 31),
(1089, 'Краснотуранск', 31),
(1090, 'Красноярск', 31),
(1091, 'Курагино', 31),
(1092, 'Лесосибирск', 31),
(1093, 'Минусинск', 31),
(1094, 'Мотыгино', 31),
(1095, 'Назарово', 31),
(1096, 'Нижний Ингаш', 31),
(1097, 'Новоселово', 31),
(1098, 'Норильск', 31),
(1099, 'Партизанское', 31),
(1100, 'Пировское', 31),
(1101, 'Саяногорск', 31),
(1102, 'Северо-Енисейский', 31),
(1103, 'Сосновоборск', 31),
(1104, 'Тасеево', 31),
(1105, 'Таштып', 31),
(1106, 'Тура', 31),
(1107, 'Туруханск', 31),
(1108, 'Тюхтет', 31),
(1109, 'Ужур', 31),
(1110, 'Усть-Авам', 31),
(1111, 'Уяр', 31),
(1112, 'Хатанга', 31),
(1113, 'Черемушки', 31),
(1114, 'Черногорск', 31),
(1115, 'Шалинское', 31),
(1116, 'Шарыпово', 31),
(1117, 'Шира', 31),
(1118, 'Шушенское', 31),
(1119, 'Варгаши', 32),
(1120, 'Глядянское', 32),
(1121, 'Далматово', 32),
(1122, 'Каргаполье', 32),
(1123, 'Катайск', 32),
(1124, 'Кетово', 32),
(1125, 'Курган', 32),
(1126, 'Куртамыш', 32),
(1127, 'Лебяжье', 32),
(1128, 'Макушино', 32),
(1129, 'Мишкино', 32),
(1130, 'Мокроусово', 32),
(1131, 'Петухово', 32),
(1132, 'Половинное', 32),
(1133, 'Сафакулево', 32),
(1134, 'Целинное', 32),
(1135, 'Шадринск', 32),
(1136, 'Шатрово', 32),
(1137, 'Шумиха', 32),
(1138, 'Щучье', 32),
(1139, 'Юргамыш', 32),
(1140, 'Альменево', 33),
(1141, 'Белая', 33),
(1142, 'Большое Солдатское', 33),
(1143, 'Глушково', 33),
(1144, 'Горшечное', 33),
(1145, 'Дмитриев-Льговский', 33),
(1146, 'Железногорск', 33),
(1147, 'Золотухино', 33),
(1148, 'Касторное', 33),
(1149, 'Конышевка', 33),
(1150, 'Коренево', 33),
(1151, 'Курск', 33),
(1152, 'Курчатов', 33),
(1153, 'Кшенский', 33),
(1154, 'Льгов', 33),
(1155, 'Мантурово', 33),
(1156, 'Медвенка', 33),
(1157, 'Обоянь', 33),
(1158, 'Поныри', 33),
(1159, 'Пристень', 33),
(1160, 'Прямицыно', 33),
(1161, 'Рыльск', 33),
(1162, 'Суджа', 33),
(1163, 'Тим', 33),
(1164, 'Фатеж', 33),
(1165, 'Хомутовка', 33),
(1166, 'Черемисиново', 33),
(1167, 'Щигры', 33),
(1168, 'Грязи', 34),
(1169, 'Данхов', 34),
(1170, 'Доброе', 34),
(1171, 'Долгоруково', 34),
(1172, 'Елец', 34),
(1173, 'Задонск', 34),
(1174, 'Измалково', 34),
(1175, 'Казинка', 34),
(1176, 'Лебедянь', 34),
(1177, 'Лев Толстой', 34),
(1178, 'Липецк', 34),
(1179, 'Тербуны', 34),
(1180, 'Усмань', 34),
(1181, 'Хлевное', 34),
(1182, 'Чаплыгин', 34),
(1183, 'Анадырь', 35),
(1184, 'Атка', 35),
(1185, 'Балыгычан', 35),
(1186, 'Беринговский', 35),
(1187, 'Билибино', 35),
(1188, 'Большевик', 35),
(1189, 'Ванкарем', 35),
(1190, 'Иульитин', 35),
(1191, 'Кадыкчан', 35),
(1192, 'Лаврентия', 35),
(1193, 'Магадан', 35),
(1194, 'Мыс Шмидта', 35),
(1195, 'Ола', 35),
(1196, 'Омонск', 35),
(1197, 'Омсукчан', 35),
(1198, 'Палатка', 35),
(1199, 'Певек', 35),
(1200, 'Провидения', 35),
(1201, 'Сеймчан', 35),
(1202, 'Синегорье', 35),
(1203, 'Сусуман', 35),
(1204, 'Усть-Белая', 35),
(1205, 'Усть-Омчуг', 35),
(1206, 'Эвенск', 35),
(1207, 'Эгвекинот', 35),
(1208, 'Ягодное', 35),
(1209, 'Волжск', 36),
(1210, 'Дубовский', 36),
(1211, 'Звенигово', 36),
(1212, 'Йошкар-Ола', 36),
(1213, 'Килемары', 36),
(1214, 'Козьмодемьянск', 36),
(1215, 'Куженер', 36),
(1216, 'Мари-Турек', 36),
(1217, 'Медведево', 36),
(1218, 'Морки', 36),
(1219, 'Новый Торьял', 36),
(1220, 'Оршанка', 36),
(1221, 'Параньга', 36),
(1222, 'Сернур', 36),
(1223, 'Советский', 36),
(1224, 'Юрино', 36),
(1225, 'Ардатов', 37),
(1226, 'Атюрьево', 37),
(1227, 'Атяшево', 37),
(1228, 'Большие Березники', 37),
(1229, 'Большое Игнатово', 37),
(1230, 'Выша', 37),
(1231, 'Ельники', 37),
(1232, 'Зубова Поляна', 37),
(1233, 'Инсар', 37),
(1234, 'Кадошкино', 37),
(1235, 'Кемля', 37),
(1236, 'Ковылкино', 37),
(1237, 'Комсомольский', 37),
(1238, 'Кочкурово', 37),
(1239, 'Краснослободск', 37),
(1240, 'Лямбирь', 37),
(1241, 'Ромоданово', 37),
(1242, 'Рузаевка', 37),
(1243, 'Саранск', 37),
(1244, 'Старое Шайгово', 37),
(1245, 'Темников', 37),
(1246, 'Теньгушево', 37),
(1247, 'Торбеево', 37),
(1248, 'Чамзинка', 37),
(1249, 'Апатиты', 38),
(1250, 'Африканда', 38),
(1251, 'Верхнетуломский', 38),
(1252, 'Заозерск', 38),
(1253, 'Заполярный', 38),
(1254, 'Зареченск', 38),
(1255, 'Зашеек', 38),
(1256, 'Зеленоборский', 38),
(1257, 'Кандалакша', 38),
(1258, 'Кильдинстрой', 38),
(1259, 'Кировск', 38),
(1260, 'Ковдор', 38),
(1261, 'Кола', 38),
(1262, 'Конда', 38),
(1263, 'Мончегорск', 38),
(1264, 'Мурманск', 38),
(1265, 'Мурмаши', 38),
(1266, 'Никель', 38),
(1267, 'Оленегорск', 38),
(1268, 'Полярные Зори', 38),
(1269, 'Полярный', 38),
(1270, 'Североморск', 38),
(1271, 'Снежногорск', 38),
(1272, 'Умба', 38),
(1340, 'Анциферово', 40),
(1341, 'Батецкий', 40),
(1342, 'Большая Вишера', 40),
(1343, 'Боровичи', 40),
(1344, 'Валдай', 40),
(1345, 'Волот', 40),
(1346, 'Деманск', 40),
(1347, 'Зарубино', 40),
(1348, 'Кресцы', 40),
(1349, 'Любытино', 40),
(1350, 'Малая Вишера', 40),
(1351, 'Марево', 40),
(1352, 'Мошенское', 40),
(1353, 'Новгород', 40),
(1354, 'Окуловка', 40),
(1355, 'Парфино', 40),
(1356, 'Пестово', 40),
(1357, 'Поддорье', 40),
(1358, 'Сольцы', 40),
(1359, 'Старая Русса', 40),
(1360, 'Хвойное', 40),
(1361, 'Холм', 40),
(1362, 'Чудово', 40),
(1363, 'Шимск', 40),
(1364, 'Баган', 41),
(1365, 'Барабинск', 41),
(1366, 'Бердск', 41),
(1367, 'Биаза', 41),
(1368, 'Болотное', 41),
(1369, 'Венгерово', 41),
(1370, 'Довольное', 41),
(1371, 'Завьялово', 41),
(1372, 'Искитим', 41),
(1373, 'Карасук', 41),
(1374, 'Каргат', 41),
(1375, 'Колывань', 41),
(1376, 'Краснозерское', 41),
(1377, 'Крутиха', 41),
(1378, 'Куйбышев', 41),
(1379, 'Купино', 41),
(1380, 'Кыштовка', 41),
(1381, 'Маслянино', 41),
(1382, 'Михайловский', 41),
(1383, 'Мошково', 41),
(1384, 'Новосибирск', 41),
(1385, 'Ордынское', 41),
(1386, 'Северное', 41),
(1387, 'Сузун', 41),
(1388, 'Татарск', 41),
(1389, 'Тогучин', 41),
(1390, 'Убинское', 41),
(1391, 'Усть-Тарка', 41),
(1392, 'Чаны', 41),
(1393, 'Черепаново', 41),
(1394, 'Чистоозерное', 41),
(1395, 'Чулым', 41),
(1396, 'Береговой', 42),
(1397, 'Большеречье', 42),
(1398, 'Большие Уки', 42),
(1399, 'Горьковское', 42),
(1400, 'Знаменское', 42),
(1401, 'Исилькуль', 42),
(1402, 'Калачинск', 42),
(1403, 'Колосовка', 42),
(1404, 'Кормиловка', 42),
(1405, 'Крутинка', 42),
(1406, 'Любинский', 42),
(1407, 'Марьяновка', 42),
(1408, 'Муромцево', 42),
(1409, 'Называевск', 42),
(1410, 'Нижняя Омка', 42),
(1411, 'Нововаршавка', 42),
(1412, 'Одесское', 42),
(1413, 'Оконешниково', 42),
(1414, 'Омск', 42),
(1415, 'Павлоградка', 42),
(1416, 'Полтавка', 42),
(1417, 'Русская Поляна', 42),
(1418, 'Саргатское', 42),
(1419, 'Седельниково', 42),
(1420, 'Таврическое', 42),
(1421, 'Тара', 42),
(1422, 'Тевриз', 42),
(1423, 'Тюкалинск', 42),
(1424, 'Усть-Ишим', 42),
(1425, 'Черлак', 42),
(1426, 'Шербакуль', 42),
(1427, 'Абдулино', 43),
(1428, 'Адамовка', 43),
(1429, 'Айдырлинский', 43),
(1430, 'Акбулак', 43),
(1431, 'Аккермановка', 43),
(1432, 'Асекеево', 43),
(1433, 'Беляевка', 43),
(1434, 'Бугуруслан', 43),
(1435, 'Бузулук', 43),
(1436, 'Гай', 43),
(1437, 'Грачевка', 43),
(1438, 'Домбаровский', 43),
(1439, 'Дубенский', 43),
(1440, 'Илек', 43),
(1441, 'Ириклинский', 43),
(1442, 'Кувандык', 43),
(1443, 'Курманаевка', 43),
(1444, 'Матвеевка', 43),
(1445, 'Медногорск', 43),
(1446, 'Новоорск', 43),
(1447, 'Новосергиевка', 43),
(1448, 'Новотроицк', 43),
(1449, 'Октябрьское', 43),
(1450, 'Оренбург', 43),
(1451, 'Орск', 43),
(1452, 'Первомайский', 43),
(1453, 'Переволоцкий', 43),
(1454, 'Пономаревка', 43),
(1455, 'Саракташ', 43),
(1456, 'Светлый', 43),
(1457, 'Северное', 43),
(1458, 'Соль-Илецк', 43),
(1459, 'Сорочинск', 43),
(1460, 'Ташла', 43),
(1461, 'Тоцкое', 43),
(1462, 'Тюльган', 43),
(1463, 'Шарлык', 43),
(1464, 'Энергетик', 43),
(1465, 'Ясный', 43),
(1466, 'Болхов', 44),
(1467, 'Верховье', 44),
(1468, 'Глазуновка', 44),
(1469, 'Дмитровск-Орловский', 44),
(1470, 'Долгое', 44),
(1471, 'Залегощь', 44),
(1472, 'Змиевка', 44),
(1473, 'Знаменское', 44),
(1474, 'Колпны', 44),
(1475, 'Красная Заря', 44),
(1476, 'Кромы', 44),
(1477, 'Ливны', 44),
(1478, 'Малоархангельск', 44),
(1479, 'Мценск', 44),
(1480, 'Нарышкино', 44),
(1481, 'Новосиль', 44),
(1482, 'Орел', 44),
(1483, 'Покровское', 44),
(1484, 'Сосково', 44),
(1485, 'Тросна', 44),
(1486, 'Хомутово', 44),
(1487, 'Хотынец', 44),
(1488, 'Шаблыкино', 44),
(1489, 'Башмаково', 45),
(1490, 'Беднодемьяновск', 45),
(1491, 'Беково', 45),
(1492, 'Белинский', 45),
(1493, 'Бессоновка', 45),
(1494, 'Вадинск', 45),
(1495, 'Верхозим', 45),
(1496, 'Городище', 45),
(1497, 'Евлашево', 45),
(1498, 'Земетчино', 45),
(1499, 'Золотаревка', 45),
(1500, 'Исса', 45),
(1501, 'Каменка', 45),
(1502, 'Колышлей', 45),
(1503, 'Кондоль', 45),
(1504, 'Кузнецк', 45),
(1505, 'Лопатино', 45),
(1506, 'Малая Сердоба', 45),
(1507, 'Мокшан', 45),
(1508, 'Наровчат', 45),
(1509, 'Неверкино', 45),
(1510, 'Нижний Ломов', 45),
(1511, 'Никольск', 45),
(1512, 'Пачелма', 45),
(1513, 'Пенза', 45),
(1514, 'Русский Камешкир', 45),
(1515, 'Сердобск', 45),
(1516, 'Сосновоборск', 45),
(1517, 'Сура', 45),
(1518, 'Тамала', 45),
(1519, 'Шемышейка', 45),
(1520, 'Барда', 46),
(1521, 'Березники', 46),
(1522, 'Большая Соснова', 46),
(1523, 'Верещагино', 46),
(1524, 'Гайны', 46),
(1525, 'Горнозаводск', 46),
(1526, 'Гремячинск', 46),
(1527, 'Губаха', 46),
(1528, 'Добрянка', 46),
(1529, 'Елово', 46),
(1530, 'Зюкайка', 46),
(1531, 'Ильинский', 46),
(1532, 'Карагай', 46),
(1533, 'Керчевский', 46),
(1534, 'Кизел', 46),
(1535, 'Коса', 46),
(1536, 'Кочево', 46),
(1537, 'Красновишерск', 46),
(1538, 'Краснокамск', 46),
(1539, 'Кудымкар', 46),
(1540, 'Куеда', 46),
(1541, 'Кунгур', 46),
(1542, 'Лысьва', 46),
(1543, 'Ныроб', 46),
(1544, 'Нытва', 46),
(1545, 'Октябрьский', 46),
(1546, 'Орда', 46),
(1547, 'Оса', 46),
(1548, 'Оханск', 46),
(1549, 'Очер', 46),
(1550, 'Пермь', 46),
(1551, 'Соликамск', 46),
(1552, 'Суксун', 46),
(1553, 'Уинское', 46),
(1554, 'Усолье', 46),
(1555, 'Усть-Кишерть', 46),
(1556, 'Чайковский', 46),
(1557, 'Частые', 46),
(1558, 'Чердынь', 46),
(1559, 'Чернореченский', 46),
(1560, 'Чернушка', 46),
(1561, 'Чусовой', 46),
(1562, 'Юрла', 46),
(1563, 'Юсьва', 46),
(1564, 'Анучино', 47),
(1565, 'Арсеньев', 47),
(1566, 'Артем', 47),
(1567, 'Артемовский', 47),
(1568, 'Большой Камень', 47),
(1569, 'Валентин', 47),
(1570, 'Владивосток', 47),
(1571, 'Высокогорск', 47),
(1572, 'Горные Ключи', 47),
(1573, 'Горный', 47),
(1574, 'Дальнегорск', 47),
(1575, 'Дальнереченск', 47),
(1576, 'Зарубино', 47),
(1577, 'Кавалерово', 47),
(1578, 'Каменка', 47),
(1579, 'Камень-Рыболов', 47),
(1580, 'Кировский', 47),
(1581, 'Лазо', 47),
(1582, 'Лесозаводск', 47),
(1583, 'Лучегорск', 47),
(1584, 'Михайловка', 47),
(1585, 'Находка', 47),
(1586, 'Новопокровка', 47),
(1587, 'Ольга', 47),
(1588, 'Партизанск', 47),
(1589, 'Пограничный', 47),
(1590, 'Покровка', 47),
(1591, 'Русский', 47),
(1592, 'Самарга', 47),
(1593, 'Славянка', 47),
(1594, 'Спасск-Дальний', 47),
(1595, 'Терней', 47),
(1596, 'Уссурийск', 47),
(1597, 'Фокино', 47),
(1598, 'Хасан', 47),
(1599, 'Хороль', 47),
(1600, 'Черниговка', 47),
(1601, 'Чугуевка', 47),
(1602, 'Яковлевка', 47),
(1603, 'Бежаницы', 48),
(1604, 'Великие Луки', 48),
(1605, 'Гдов', 48),
(1606, 'Дедовичи', 48),
(1607, 'Дно', 48),
(1608, 'Заплюсье', 48),
(1609, 'Идрица', 48),
(1610, 'Красногородское', 48),
(1611, 'Кунья', 48),
(1612, 'Локня', 48),
(1613, 'Невель', 48),
(1614, 'Новоржев', 48),
(1615, 'Новосокольники', 48),
(1616, 'Опочка', 48),
(1617, 'Остров', 48),
(1618, 'Палкино', 48),
(1619, 'Печоры', 48),
(1620, 'Плюсса', 48),
(1621, 'Порхов', 48),
(1622, 'Псков', 48),
(1623, 'Пустошка', 48),
(1624, 'Пушкинские Горы', 48),
(1625, 'Пыталово', 48),
(1626, 'Себеж', 48),
(1627, 'Струги-Красные', 48),
(1628, 'Усвяты', 48),
(1629, 'Азов', 49),
(1630, 'Аксай', 49),
(1631, 'Алмазный', 49),
(1632, 'Аютинск', 49),
(1633, 'Багаевский', 49),
(1634, 'Батайск', 49),
(1635, 'Белая Калитва', 49),
(1636, 'Боковская', 49),
(1637, 'Большая Мартыновка', 49),
(1638, 'Вешенская', 49),
(1639, 'Волгодонск', 49),
(1640, 'Восход', 49),
(1641, 'Гигант', 49),
(1642, 'Горняцкий', 49),
(1643, 'Гуково', 49),
(1644, 'Донецк', 49),
(1645, 'Донской', 49),
(1646, 'Дубовское', 49),
(1647, 'Егорлыкская', 49),
(1648, 'Жирнов', 49),
(1649, 'Заветное', 49),
(1650, 'Заводской', 49),
(1651, 'Зверево', 49),
(1652, 'Зерноград', 49),
(1653, 'Зимовники', 49),
(1654, 'Кагальницкая', 49),
(1655, 'Казанская', 49),
(1656, 'Каменоломни', 49),
(1657, 'Каменск-Шахтинский', 49),
(1658, 'Кашары', 49),
(1659, 'Коксовый', 49),
(1660, 'Константиновск', 49),
(1661, 'Красный Сулин', 49),
(1662, 'Куйбышево', 49),
(1663, 'Матвеев Курган', 49),
(1664, 'Мигулинская', 49),
(1665, 'Миллерово', 49),
(1666, 'Милютинская', 49),
(1667, 'Морозовск', 49),
(1668, 'Новочеркасск', 49),
(1669, 'Новошахтинск', 49),
(1670, 'Обливская', 49),
(1671, 'Орловский', 49),
(1672, 'Песчанокопское', 49),
(1673, 'Покровское', 49),
(1674, 'Пролетарск', 49),
(1675, 'Ремонтное', 49),
(1676, 'Родионово-Несветайская', 49),
(1677, 'Ростов-на-Дону', 49),
(1678, 'Сальск', 49),
(1679, 'Семикаракорск', 49),
(1680, 'Таганрог', 49),
(1681, 'Тарасовский', 49),
(1682, 'Тацинский', 49),
(1683, 'Усть-Донецкий', 49),
(1684, 'Целина', 49),
(1685, 'Цимлянск', 49),
(1686, 'Чалтырь', 49),
(1687, 'Чертково', 49),
(1688, 'Шахты', 49),
(1689, 'Шолоховский', 49),
(1690, 'Александро-Невский', 50),
(1691, 'Горняк', 50),
(1692, 'Гусь Железный', 50),
(1693, 'Елатьма', 50),
(1694, 'Ермишь', 50),
(1695, 'Заречный', 50),
(1696, 'Захарово', 50),
(1697, 'Кадом', 50),
(1698, 'Касимов', 50),
(1699, 'Кораблино', 50),
(1700, 'Милославское', 50),
(1701, 'Михайлов', 50),
(1702, 'Пителино', 50),
(1703, 'Пронск', 50),
(1704, 'Путятино', 50),
(1705, 'Рыбное', 50),
(1706, 'Ряжск', 50),
(1707, 'Рязань', 50),
(1708, 'Сапожок', 50),
(1709, 'Сараи', 50),
(1710, 'Сасово', 50),
(1711, 'Скопин', 50),
(1712, 'Спас-Клепики', 50),
(1713, 'Спасск-Рязанский', 50),
(1714, 'Старожилово', 50),
(1715, 'Ухолово', 50),
(1716, 'Чучково', 50),
(1717, 'Шацк', 50),
(1718, 'Шилово', 50),
(1719, 'Алексеевка', 51),
(1720, 'Безенчук', 51),
(1721, 'Богатое', 51),
(1722, 'Богатырь', 51),
(1723, 'Большая Глущица', 51),
(1724, 'Большая Черниговка', 51),
(1725, 'Борское', 51),
(1726, 'Волжский', 51),
(1727, 'Жигулевск', 51),
(1728, 'Зольное', 51),
(1729, 'Исаклы', 51),
(1730, 'Камышла', 51),
(1731, 'Кинель', 51),
(1732, 'Кинель-Черкасы', 51),
(1733, 'Клявлино', 51),
(1734, 'Кошки', 51),
(1735, 'Красноармейское', 51),
(1736, 'Красный Яр', 51),
(1737, 'Куйбышев', 51),
(1738, 'Нефтегорск', 51),
(1739, 'Новокуйбышевск', 51),
(1740, 'Октябрьск', 51),
(1741, 'Отрадный', 51),
(1742, 'Пестравка', 51),
(1743, 'Похвистнево', 51),
(1744, 'Приволжье', 51),
(1745, 'Самара', 51),
(1746, 'Сургут (Самарская обл.)', 51),
(1747, 'Сызрань', 51),
(1748, 'Тольятти', 51),
(1749, 'Хворостянка', 51),
(1750, 'Чапаевск', 51),
(1751, 'Челно-Вершины', 51),
(1752, 'Шентала', 51),
(1753, 'Шигоны', 51),
(1754, 'Александров Гай', 52),
(1755, 'Аркадак', 52),
(1756, 'Аткарск', 52),
(1757, 'Базарный Карабулак', 52),
(1758, 'Балаково', 52),
(1759, 'Балашов', 52),
(1760, 'Балтай', 52),
(1761, 'Возрождение', 52),
(1762, 'Вольск', 52),
(1763, 'Воскресенское', 52),
(1764, 'Горный', 52),
(1765, 'Дергачи', 52),
(1766, 'Духовницкое', 52),
(1767, 'Екатериновка', 52),
(1768, 'Ершов', 52),
(1769, 'Заречный', 52),
(1770, 'Ивантеевка', 52),
(1771, 'Калининск', 52),
(1772, 'Каменский', 52),
(1773, 'Красноармейск', 52),
(1774, 'Красный Кут', 52),
(1775, 'Лысые Горы', 52),
(1776, 'Маркс', 52),
(1777, 'Мокроус', 52),
(1778, 'Новоузенск', 52),
(1779, 'Новые Бурасы', 52),
(1780, 'Озинки', 52),
(1781, 'Перелюб', 52),
(1782, 'Петровск', 52),
(1783, 'Питерка', 52),
(1784, 'Пугачев', 52),
(1785, 'Ровное', 52),
(1786, 'Романовка', 52),
(1787, 'Ртищево', 52),
(1788, 'Самойловка', 52),
(1789, 'Саратов', 52),
(1790, 'Степное', 52),
(1791, 'Татищево', 52),
(1792, 'Турки', 52),
(1793, 'Хвалынск', 52),
(1794, 'Энгельс', 52),
(1795, 'Абый', 53),
(1796, 'Алдан', 53),
(1797, 'Амга', 53),
(1798, 'Батагай', 53),
(1799, 'Бердигестях', 53),
(1800, 'Беркакит', 53),
(1801, 'Бестях', 53),
(1802, 'Борогонцы', 53),
(1803, 'Верхневилюйск', 53),
(1804, 'Верхнеколымск', 53),
(1805, 'Верхоянск', 53),
(1806, 'Вилюйск', 53),
(1807, 'Витим', 53),
(1808, 'Власово', 53),
(1809, 'Жиганск', 53),
(1810, 'Зырянка', 53),
(1811, 'Кангалассы', 53),
(1812, 'Канкунский', 53),
(1813, 'Ленск', 53),
(1814, 'Майя', 53),
(1815, 'Менкеря', 53),
(1816, 'Мирный', 53),
(1817, 'Нерюнгри', 53),
(1818, 'Нычалах', 53),
(1819, 'Нюрба', 53),
(1820, 'Олекминск', 53),
(1821, 'Покровск', 53),
(1822, 'Сангар', 53),
(1823, 'Саскылах', 53),
(1824, 'Среднеколымск', 53),
(1825, 'Сунтар', 53),
(1826, 'Тикси', 53),
(1827, 'Усть-Мая', 53),
(1828, 'Усть-Нера', 53),
(1829, 'Хандыга', 53),
(1830, 'Хонуу', 53),
(1831, 'Черский', 53),
(1832, 'Чокурдах', 53),
(1833, 'Чурапча', 53),
(1834, 'Якутск', 53),
(1835, 'Александровск-Сахалинский', 54),
(1836, 'Анбэцу', 54),
(1837, 'Анива', 54),
(1838, 'Бошняково', 54),
(1839, 'Быков', 54),
(1840, 'Вахрушев', 54),
(1841, 'Взморье', 54),
(1842, 'Гастелло', 54),
(1843, 'Горнозаводск', 54),
(1844, 'Долинск', 54),
(1845, 'Ильинский', 54),
(1846, 'Катангли', 54),
(1847, 'Корсаков', 54),
(1848, 'Курильск', 54),
(1849, 'Макаров', 54),
(1850, 'Невельск', 54),
(1851, 'Ноглики', 54),
(1852, 'Оха', 54),
(1853, 'Поронайск', 54),
(1854, 'Северо-Курильск', 54),
(1855, 'Смирных', 54),
(1857, 'Тымовское', 54),
(1858, 'Углегорск', 54),
(1859, 'Холмск', 54),
(1860, 'Шахтерск', 54),
(1861, 'Южно-Курильск', 54),
(1862, 'Южно-Сахалинск', 54),
(1863, 'Алапаевск', 55),
(1864, 'Алтынай', 55),
(1865, 'Арамиль', 55),
(1866, 'Артемовский', 55),
(1867, 'Арти', 55),
(1868, 'Асбест', 55),
(1869, 'Ачит', 55),
(1870, 'Байкалово', 55),
(1871, 'Басьяновский', 55),
(1872, 'Белоярский', 55),
(1873, 'Березовский', 55),
(1874, 'Богданович', 55),
(1875, 'Буланаш', 55),
(1876, 'Верхний Тагил', 55),
(1877, 'Верхняя Пышма', 55),
(1878, 'Верхняя Салда', 55),
(1879, 'Верхняя Синячиха', 55),
(1880, 'Верхняя Сысерть', 55),
(1881, 'Верхняя Тура', 55),
(1882, 'Верхотурье', 55),
(1883, 'Висим', 55),
(1884, 'Волчанск', 55),
(1885, 'Воронцовка', 55),
(1886, 'Гари', 55),
(1887, 'Дегтярск', 55),
(1888, 'Екатеринбург', 55),
(1889, 'Ертарский', 55),
(1890, 'Заводоуспенское', 55),
(1891, 'Зыряновский', 55),
(1892, 'Зюзельский', 55),
(1893, 'Ивдель', 55),
(1894, 'Изумруд', 55),
(1895, 'Ирбит', 55),
(1896, 'Ис', 55),
(1897, 'Каменск-Уральский', 55),
(1898, 'Камышлов', 55),
(1899, 'Карпинск', 55),
(1900, 'Карпунинский', 55),
(1901, 'Качканар', 55),
(1902, 'Кировград', 55),
(1903, 'Краснотурьинск', 55),
(1904, 'Красноуральск', 55),
(1905, 'Красноуфимск', 55),
(1906, 'Кушва', 55),
(1907, 'Лесной', 55),
(1908, 'Михайловск', 55),
(1909, 'Невьянск', 55),
(1910, 'Нижние Серги', 55),
(1911, 'Нижний Тагил', 55),
(1912, 'Нижняя Салда', 55),
(1913, 'Нижняя Тура', 55),
(1914, 'Новая Ляля', 55),
(1915, 'Новоуральск', 55),
(1916, 'Оус', 55),
(1917, 'Первоуральск', 55),
(1918, 'Полевской', 55),
(1919, 'Пышма', 55),
(1920, 'Ревда', 55),
(1921, 'Реж', 55),
(1922, 'Свердловск', 55),
(1923, 'Североуральск', 55),
(1924, 'Серов', 55),
(1925, 'Сосьва', 55),
(1926, 'Среднеуральск', 55),
(1927, 'Сухой Лог', 55),
(1928, 'Сысерть', 55),
(1929, 'Таборы', 55),
(1930, 'Тавда', 55),
(1931, 'Талица', 55),
(1932, 'Тугулым', 55),
(1933, 'Туринск', 55),
(1934, 'Туринская Слобода', 55),
(1935, 'Алагир', 56),
(1936, 'Ардон', 56),
(1937, 'Беслан', 56),
(1938, 'Бурон', 56),
(1939, 'Владикавказ', 56),
(1940, 'Дигора', 56),
(1941, 'Моздок', 56),
(1942, 'Орджоникидзе', 56),
(1943, 'Чикола', 56),
(1944, 'Велиж', 57),
(1945, 'Верхнеднепровский', 57),
(1946, 'Ворга', 57),
(1947, 'Вязьма', 57),
(1948, 'Гагарин', 57),
(1949, 'Глинка', 57),
(1950, 'Голынки', 57),
(1951, 'Демидов', 57),
(1952, 'Десногорск', 57),
(1953, 'Дорогобуж', 57),
(1954, 'Духовщина', 57),
(1955, 'Екимовичи', 57),
(1956, 'Ельня', 57),
(1957, 'Ершичи', 57),
(1958, 'Издешково', 57),
(1959, 'Кардымово', 57),
(1960, 'Красный', 57),
(1961, 'Монастырщина', 57),
(1962, 'Новодугино', 57),
(1963, 'Починок', 57),
(1964, 'Рославль', 57),
(1965, 'Рудня', 57),
(1966, 'Сафоново', 57),
(1967, 'Смоленск', 57),
(1968, 'Сычевка', 57),
(1969, 'Угра', 57),
(1970, 'Хиславичи', 57),
(1971, 'Холм-Жирковский', 57),
(1972, 'Шумячи', 57),
(1973, 'Ярцево', 57),
(1974, 'Александровское', 58),
(1975, 'Арзгир', 58),
(1976, 'Благодарный', 58),
(1977, 'Буденновск', 58),
(1978, 'Георгиевск', 58),
(1979, 'Дивное', 58),
(1980, 'Домбай', 58),
(1981, 'Донское', 58),
(1982, 'Ессентуки', 58),
(1983, 'Железноводск', 58),
(1984, 'Зеленокумск', 58),
(1985, 'Изобильный', 58),
(1986, 'Иноземцево', 58),
(1987, 'Ипатово', 58),
(1988, 'Карачаевск', 58),
(1989, 'Кисловодск', 58),
(1990, 'Кочубеевское', 58),
(1991, 'Красногвардейское', 58),
(1992, 'Курсавка', 58),
(1993, 'Левокумское', 58),
(1994, 'Минеральные Воды', 58),
(1995, 'Невинномысск', 58),
(1996, 'Нефтекумск', 58),
(1997, 'Новоалександровск', 58),
(1998, 'Новоалександровская', 58),
(1999, 'Новопавловск', 58),
(2000, 'Новоселицкое', 58),
(2001, 'Преградная', 58),
(2002, 'Пятигорск', 58),
(2003, 'Светлоград', 58),
(2004, 'Солнечнодольск', 58),
(2005, 'Ставрополь', 58),
(2006, 'Степное', 58),
(2007, 'Теберда', 58),
(2008, 'Усть-Джегута', 58),
(2009, 'Хабез', 58),
(2010, 'Черкесск', 58),
(2011, 'Бондари', 59),
(2012, 'Гавриловка Вторая', 59),
(2013, 'Жердевка', 59),
(2014, 'Знаменка', 59),
(2015, 'Инжавино', 59),
(2016, 'Кирсанов', 59),
(2017, 'Котовск', 59),
(2018, 'Мичуринск', 59),
(2019, 'Мордово', 59),
(2020, 'Моршанск', 59),
(2021, 'Мучкапский', 59),
(2022, 'Первомайский', 59),
(2023, 'Петровское', 59),
(2024, 'Пичаево', 59),
(2025, 'Рассказово', 59),
(2026, 'Ржакса', 59),
(2027, 'Староюрьево', 59),
(2028, 'Тамбов', 59),
(2029, 'Токаревка', 59),
(2030, 'Уварово', 59),
(2031, 'Умет', 59),
(2032, 'Агрыз', 60),
(2033, 'Азнакаево', 60),
(2034, 'Аксубаево', 60),
(2035, 'Актюбинский', 60),
(2036, 'Алексеевское', 60),
(2037, 'Альметьевск', 60),
(2038, 'Альметьевск', 60),
(2039, 'Апастово', 60),
(2040, 'Арск', 60),
(2041, 'Бавлы', 60),
(2042, 'Базарные Матаки', 60),
(2043, 'Балтаси', 60),
(2044, 'Богатые Сабы', 60),
(2045, 'Брежнев', 60),
(2046, 'Бугульма', 60),
(2047, 'Буинск', 60),
(2048, 'Васильево', 60),
(2049, 'Верхний Услон', 60),
(2050, 'Высокая Гора', 60),
(2051, 'Дербешкинский', 60),
(2052, 'Елабуга', 60),
(2053, 'Заинск', 60),
(2054, 'Зеленодольск', 60),
(2055, 'Казань', 60),
(2056, 'Камское Устье', 60),
(2057, 'Карабаш', 60),
(2058, 'Куйбышев', 60),
(2059, 'Кукмод', 60),
(2060, 'Кукмор', 60),
(2061, 'Лаишево', 60),
(2062, 'Лениногорск', 60),
(2063, 'Мамадыш', 60),
(2064, 'Менделеевск', 60),
(2065, 'Мензелинск', 60),
(2066, 'Муслюмово', 60),
(2067, 'Набережные Челны', 60),
(2068, 'Нижнекамск', 60),
(2069, 'Новошешминск', 60),
(2070, 'Нурлат', 60),
(2071, 'Пестрецы', 60),
(2072, 'Рыбная Слобода', 60),
(2073, 'Сарманово', 60),
(2074, 'Старое Дрожжаное', 60),
(2075, 'Тетюши', 60),
(2076, 'Чистополь', 60),
(2077, 'Андреаполь', 61),
(2078, 'Бежецк', 61),
(2079, 'Белый', 61),
(2080, 'Белый Городок', 61),
(2081, 'Березайка', 61),
(2082, 'Бологое', 61),
(2083, 'Васильевский Мох', 61),
(2084, 'Выползово', 61),
(2085, 'Вышний Волочек', 61),
(2086, 'Жарковский', 61),
(2087, 'Западная Двина', 61),
(2088, 'Заречье', 61),
(2089, 'Зубцов', 61),
(2090, 'Изоплит', 61),
(2091, 'Калашниково', 61),
(2092, 'Калинин', 61),
(2093, 'Калязин', 61),
(2094, 'Кашин', 61),
(2095, 'Кесова Гора', 61),
(2096, 'Кимры', 61),
(2097, 'Конаково', 61),
(2098, 'Красный Холм', 61),
(2099, 'Кувшиново', 61),
(2100, 'Лесное', 61),
(2101, 'Лихославль', 61),
(2102, 'Максатиха', 61),
(2103, 'Молоково', 61),
(2104, 'Нелидово', 61),
(2105, 'Оленино', 61),
(2106, 'Осташков', 61),
(2107, 'Пено', 61),
(2108, 'Рамешки', 61),
(2109, 'Ржев', 61),
(2110, 'Сандово', 61),
(2111, 'Селижарово', 61),
(2112, 'Сонково', 61),
(2113, 'Спирово', 61),
(2114, 'Старица', 61),
(2115, 'Тверь', 61),
(2116, 'Торжок', 61),
(2117, 'Торопец', 61),
(2118, 'Удомля', 61),
(2119, 'Фирово', 61),
(2120, 'Александровское', 62),
(2121, 'Асино', 62),
(2122, 'Бакчар', 62),
(2123, 'Батурино', 62),
(2124, 'Белый Яр', 62),
(2125, 'Зырянское', 62),
(2126, 'Итатка', 62),
(2127, 'Каргасок', 62),
(2128, 'Катайга', 62),
(2129, 'Кожевниково', 62),
(2130, 'Колпашево', 62),
(2131, 'Кривошеино', 62),
(2132, 'Мельниково', 62),
(2133, 'Молчаново', 62),
(2134, 'Парабель', 62),
(2135, 'Первомайское', 62),
(2136, 'Подгорное', 62),
(2137, 'Северск', 62),
(2138, 'Стрежевой', 62),
(2139, 'Томск', 62),
(2140, 'Тымск', 62),
(2141, 'Ак-Довурак', 63),
(2142, 'Бай Хаак', 63),
(2143, 'Кызыл', 63),
(2144, 'Самагалтай', 63),
(2145, 'Сарыг-Сеп', 63),
(2146, 'Суть-Холь', 63),
(2147, 'Тоора-Хем', 63),
(2148, 'Туран', 63),
(2149, 'Тээли', 63),
(2150, 'Хову-Аксы', 63),
(2151, 'Чадан', 63),
(2152, 'Шагонар', 63),
(2153, 'Эрзин', 63),
(2154, 'Агеево', 64),
(2155, 'Алексин', 64),
(2156, 'Арсеньево', 64),
(2157, 'Барсуки', 64),
(2158, 'Бегичевский', 64),
(2159, 'Белев', 64),
(2160, 'Богородицк', 64),
(2161, 'Болохово', 64),
(2162, 'Велегож', 64),
(2163, 'Венев', 64),
(2164, 'Волово', 64),
(2165, 'Горелки', 64),
(2166, 'Донской', 64),
(2167, 'Дубна', 64),
(2168, 'Епифань', 64),
(2169, 'Ефремов', 64),
(2170, 'Заокский', 64),
(2171, 'Казановка', 64),
(2172, 'Кимовск', 64),
(2173, 'Киреевск', 64),
(2174, 'Куркино', 64),
(2175, 'Ленинский', 64),
(2176, 'Новомосковск', 64),
(2177, 'Одоев', 64),
(2178, 'Плавск', 64),
(2179, 'Суворов', 64),
(2180, 'Тула', 64),
(2181, 'Узловая', 64),
(2182, 'Щекино', 64),
(2183, 'Ясногорск', 64),
(2184, 'Абатский', 65),
(2185, 'Аксарка', 65),
(2186, 'Армизонское', 65),
(2187, 'Аромашево', 65),
(2188, 'Белоярский', 65),
(2189, 'Бердюжье', 65),
(2190, 'Большое Сорокино', 65),
(2191, 'Вагай', 65),
(2192, 'Викулово', 65),
(2193, 'Винзили', 65),
(2194, 'Голышманово', 65),
(2195, 'Губкинский', 65),
(2196, 'Заводопетровский', 65),
(2197, 'Заводоуковск', 65),
(2198, 'Излучинск', 65),
(2199, 'Исетское', 65),
(2200, 'Ишим', 65),
(2201, 'Казанское', 65),
(2202, 'Казым-Мыс', 65),
(2203, 'Когалым', 65),
(2204, 'Кондинское', 65),
(2205, 'Красноселькуп', 65),
(2206, 'Лабытнанги', 65),
(2207, 'Ларьяк', 65),
(2208, 'Мегион', 65),
(2209, 'Мужи', 65),
(2210, 'Муравленко', 65),
(2211, 'Надым', 65),
(2212, 'Находка', 65),
(2213, 'Нефтеюганск', 65),
(2214, 'Нижневартовск', 65),
(2215, 'Нижняя Тавда', 65),
(2216, 'Новый Уренгой', 65),
(2217, 'Ноябрьск', 65),
(2218, 'Нягань', 65),
(2219, 'Октябрьское', 65),
(2220, 'Омутинский', 65),
(2221, 'Радужный', 65),
(2222, 'Салехард', 65),
(2223, 'Сладково', 65),
(2224, 'Советский', 65),
(2225, 'Сургут', 65),
(2226, 'Тазовский', 65),
(2227, 'Тарко-Сале', 65),
(2228, 'Тобольск', 65),
(2229, 'Тюмень', 65),
(2230, 'Уват', 65),
(2231, 'Унъюган', 65),
(2232, 'Упорово', 65),
(2233, 'Урай', 65),
(2234, 'Ханты-Мансийск', 65),
(2235, 'Юрибей', 65),
(2236, 'Ялуторовск', 65),
(2237, 'Яр-Сале', 65),
(2238, 'Ярково', 65),
(2239, 'Алнаши', 66),
(2240, 'Балезино', 66),
(2241, 'Вавож', 66),
(2242, 'Воткинск', 66),
(2243, 'Глазов', 66),
(2244, 'Грахово', 66),
(2245, 'Дебесы', 66),
(2246, 'Завьялово', 66),
(2247, 'Игра', 66),
(2248, 'Ижевск', 66),
(2249, 'Кама', 66),
(2250, 'Камбарка', 66),
(2251, 'Каракулино', 66),
(2252, 'Кез', 66),
(2253, 'Кизнер', 66),
(2254, 'Киясово', 66),
(2255, 'Красногорское', 66),
(2256, 'Можга', 66),
(2257, 'Сарапул', 66),
(2258, 'Селты', 66),
(2259, 'Сюмси', 66),
(2260, 'Ува', 66),
(2261, 'Устинов', 66),
(2262, 'Шаркан', 66),
(2263, 'Юкаменское', 66),
(2264, 'Якшур-Бодья', 66),
(2265, 'Яр', 66),
(2266, 'Базарный Сызган', 67),
(2267, 'Барыш', 67),
(2268, 'Большое Нагаткино', 67),
(2269, 'Вешкайма', 67),
(2270, 'Глотовка', 67),
(2271, 'Димитровград', 67),
(2272, 'Игнатовка', 67),
(2273, 'Измайлово', 67),
(2274, 'Инза', 67),
(2275, 'Ишеевка', 67),
(2276, 'Канадей', 67),
(2277, 'Карсун', 67),
(2278, 'Кузоватово', 67),
(2279, 'Майна', 67),
(2280, 'Новая Малыкла', 67),
(2281, 'Новоспасское', 67),
(2282, 'Павловка', 67),
(2283, 'Радищево', 67),
(2284, 'Сенгилей', 67),
(2285, 'Старая Кулатка', 67),
(2286, 'Старая Майна', 67),
(2287, 'Сурское', 67),
(2288, 'Тереньга', 67),
(2289, 'Ульяновск', 67),
(2290, 'Чердаклы', 67),
(2291, 'Аксай', 68),
(2292, 'Дарьинское', 68),
(2293, 'Деркул', 68),
(2294, 'Джамбейты', 68),
(2295, 'Джаныбек', 68),
(2296, 'Казталовка', 68),
(2297, 'Калмыково', 68),
(2298, 'Каратобе', 68),
(2299, 'Переметное', 68),
(2300, 'Сайхин', 68),
(2301, 'Уральск', 68),
(2302, 'Федоровка', 68),
(2303, 'Фурманово', 68),
(2304, 'Чапаев', 68),
(2305, 'Амурск', 69),
(2306, 'Аян', 69),
(2307, 'Березовый', 69),
(2308, 'Бикин', 69),
(2309, 'Бира', 69),
(2310, 'Биракан', 69),
(2311, 'Богородское', 69),
(2312, 'Болонь', 69),
(2313, 'Ванино', 69),
(2314, 'Волочаевка Вторая', 69),
(2315, 'Высокогорный', 69),
(2316, 'Вяземский', 69),
(2317, 'Горный', 69),
(2318, 'Гурское', 69),
(2319, 'Дормидонтовка', 69),
(2320, 'Заветы Ильича', 69),
(2321, 'Известковый', 69),
(2322, 'Иннокентьевка', 69),
(2323, 'Комсомольск-на-Амуре', 69),
(2324, 'Ленинское', 69),
(2325, 'Нелькан', 69),
(2326, 'Николаевск-на-Амуре', 69),
(2327, 'Облучье', 69),
(2328, 'Охотск', 69),
(2329, 'Переяславка', 69),
(2330, 'Смидович', 69),
(2331, 'Советская Гавань', 69),
(2332, 'Софийск', 69),
(2333, 'Троицкое', 69),
(2334, 'Тугур', 69),
(2335, 'Хабаровск', 69),
(2336, 'Чегдомын', 69),
(2337, 'Чумикан', 69),
(2340, 'Аган', 71),
(2341, 'Игрим', 71),
(2342, 'Излучинск', 71),
(2343, 'Лангепас', 71),
(2344, 'Лянтор', 71),
(2345, 'Мегион', 71),
(2346, 'Нефтеюганск', 71),
(2347, 'Нижневартовск', 71),
(2348, 'Нягань', 71),
(2349, 'Покачи', 71),
(2350, 'Приобье', 71),
(2351, 'Пыть-Ях', 71),
(2352, 'Радужный', 71),
(2353, 'Сургут', 71),
(2354, 'Урай', 71),
(2355, 'Ханты-Мансийск', 71),
(2356, 'Югорск', 71),
(2357, 'Агаповка', 72),
(2358, 'Аргаяш', 72),
(2359, 'Аша', 72),
(2360, 'Бакал', 72),
(2361, 'Бреды', 72),
(2362, 'Варна', 72),
(2363, 'Верхнеуральск', 72),
(2364, 'Верхний Уфалей', 72),
(2365, 'Еманжелинск', 72),
(2366, 'Златоуст', 72),
(2367, 'Карабаш', 72),
(2368, 'Карталы', 72),
(2369, 'Касли', 72),
(2370, 'Катав-Ивановск', 72),
(2371, 'Копейск', 72),
(2372, 'Коркино', 72),
(2373, 'Кунашак', 72),
(2374, 'Куса', 72),
(2375, 'Кыштым', 72),
(2376, 'Магнитогорск', 72),
(2377, 'Миасс', 72),
(2378, 'Озерск', 72),
(2379, 'Октябрьское', 72),
(2380, 'Пласт', 72),
(2381, 'Сатка', 72),
(2382, 'Сим', 72),
(2383, 'Снежинск', 72),
(2384, 'Трехгорный', 72),
(2385, 'Троицк', 72),
(2386, 'Увельский', 72),
(2387, 'Уйское', 72);
INSERT INTO `cities` (`id`, `text`, `id_region`) VALUES
(2388, 'Усть-Катав', 72),
(2389, 'Фершампенуаз', 72),
(2390, 'Чебаркуль', 72),
(2391, 'Челябинск', 72),
(2392, 'Чесма', 72),
(2393, 'Южно-Уральск', 72),
(2394, 'Юрюзань', 72),
(2395, 'Аргун', 73),
(2396, 'Грозный', 73),
(2397, 'Гудермез', 73),
(2398, 'Малгобек', 73),
(2399, 'Назрань', 73),
(2400, 'Наурская', 73),
(2401, 'Ножай-Юрт', 73),
(2402, 'Орджоникидзевская', 73),
(2403, 'Советское', 73),
(2404, 'Урус-Мартан', 73),
(2405, 'Шали', 73),
(2406, 'Агинское', 74),
(2407, 'Аксеново-Зиловское', 74),
(2408, 'Акша', 74),
(2409, 'Александровский Завод', 74),
(2410, 'Амазар', 74),
(2411, 'Арбагар', 74),
(2412, 'Атамановка', 74),
(2413, 'Балей', 74),
(2414, 'Борзя', 74),
(2415, 'Букачача', 74),
(2416, 'Газимурский Завод', 74),
(2417, 'Давенда', 74),
(2418, 'Дарасун', 74),
(2419, 'Дровяная', 74),
(2420, 'Дульдурга', 74),
(2421, 'Жиндо', 74),
(2422, 'Забайкальск', 74),
(2423, 'Итака', 74),
(2424, 'Калга', 74),
(2425, 'Карымское', 74),
(2426, 'Кличка', 74),
(2427, 'Ключевский', 74),
(2428, 'Кокуй', 74),
(2429, 'Краснокаменск', 74),
(2430, 'Красный Чикой', 74),
(2431, 'Кыра', 74),
(2432, 'Моготуй', 74),
(2433, 'Могоча', 74),
(2434, 'Нерчинск', 74),
(2435, 'Нерчинский Завод', 74),
(2436, 'Нижний Часучей', 74),
(2437, 'Оловянная', 74),
(2438, 'Первомайский', 74),
(2439, 'Петровск-Забайкальский', 74),
(2440, 'Приаргунск', 74),
(2441, 'Сретенск', 74),
(2442, 'Тупик', 74),
(2443, 'Улеты', 74),
(2444, 'Хилок', 74),
(2445, 'Чара', 74),
(2446, 'Чернышевск', 74),
(2447, 'Чита', 74),
(2448, 'Шелопугино', 74),
(2449, 'Шилка', 74),
(2450, 'Алатырь', 75),
(2451, 'Аликово', 75),
(2452, 'Батырева', 75),
(2453, 'Буинск', 75),
(2454, 'Вурнары', 75),
(2455, 'Ибреси', 75),
(2456, 'Канаш', 75),
(2457, 'Киря', 75),
(2458, 'Комсомольское', 75),
(2459, 'Красноармейское', 75),
(2460, 'Красные Четаи', 75),
(2461, 'Кугеси', 75),
(2462, 'Мариинский Посад', 75),
(2463, 'Моргауши', 75),
(2464, 'Новочебоксарск', 75),
(2465, 'Порецкое', 75),
(2466, 'Урмары', 75),
(2467, 'Цивильск', 75),
(2468, 'Чебоксары', 75),
(2469, 'Шемурша', 75),
(2470, 'Шумерля', 75),
(2471, 'Ядрин', 75),
(2472, 'Яльчики', 75),
(2473, 'Янтиково', 75),
(2474, 'Анадырь', 76),
(2475, 'Билибино', 76),
(2476, 'Губкинский', 77),
(2477, 'Заполярный', 77),
(2478, 'Муравленко', 77),
(2479, 'Надым', 77),
(2480, 'Новый Уренгой', 77),
(2481, 'Ноябрьск', 77),
(2482, 'Пуровск', 77),
(2483, 'Салехард', 77),
(2484, 'Тарко', 77),
(2485, 'Андропов', 78),
(2486, 'Берендеево', 78),
(2487, 'Большое Село', 78),
(2488, 'Борисоглебский', 78),
(2489, 'Брейтово', 78),
(2490, 'Бурмакино', 78),
(2491, 'Варегово', 78),
(2492, 'Волга', 78),
(2493, 'Гаврилов Ям', 78),
(2494, 'Данилов', 78),
(2495, 'Любим', 78),
(2496, 'Мышкино', 78),
(2497, 'Некрасовское', 78),
(2498, 'Новый Некоуз', 78),
(2499, 'Переславль-Залесский', 78),
(2500, 'Пошехонье-Володарск', 78),
(2501, 'Ростов', 78),
(2502, 'Рыбинск', 78),
(2503, 'Тутаев', 78),
(2504, 'Углич', 78),
(2505, 'Ярославль', 78),
(2506, '111', 1),
(2508, '23213', 1),
(2509, '1', 2);

-- --------------------------------------------------------

--
-- Структура таблицы `contingent_body`
--

CREATE TABLE `contingent_body` (
  `id` int NOT NULL,
  `id_doc` int NOT NULL,
  `Training_Program` int NOT NULL,
  `Standard_Category` int NOT NULL,
  `Occupation_Code` int NOT NULL,
  `Specialty_Name` int NOT NULL,
  `Duration_of_Study` int NOT NULL,
  `Form_of_Education` int NOT NULL,
  `Course` int NOT NULL,
  `Average_Grade_of_Certificate` int NOT NULL,
  `Number_of_KCP_According_to_Founder_Order` int NOT NULL,
  `Total_Students_Count` int NOT NULL,
  `Federal_Budget_Students_Count` int NOT NULL,
  `Regional_Budget_Students_Count` int NOT NULL,
  `Targeted_Training_Students_Count` int NOT NULL,
  `Tuition_Paying_Students_Count` int NOT NULL,
  `Foreign_Students_Count` int NOT NULL,
  `Orphan_Children_Count` int NOT NULL,
  `Children_without_Parental_Care_Count` int NOT NULL,
  `Students_in_Need_of_Housing_Count` int NOT NULL,
  `Provided_Dormitory_Space_Count` int NOT NULL,
  `Denied_Dormitory_Space_Count` int NOT NULL,
  `Graduation_Year_2024_Count` int NOT NULL,
  `Number_of_Taking_Demonstration_Exam_GIA` int NOT NULL,
  `Number_of_Taking_Demonstration_Exam_Intermediate_Assessment` int NOT NULL,
  `Demonstration_Exam_Basic_Level_Count` int NOT NULL,
  `Demonstration_Exam_Professional_Level_Count` int NOT NULL
) ENGINE=InnoDB DEFAULT CHARSET=utf8mb4 COLLATE=utf8mb4_0900_ai_ci;

-- --------------------------------------------------------

--
-- Структура таблицы `employee_work_exp`
--

CREATE TABLE `employee_work_exp` (
  `id` int NOT NULL,
  `id_user` int NOT NULL,
  `dateCreate` timestamp NOT NULL DEFAULT CURRENT_TIMESTAMP,
  `timeLastEdit` text NOT NULL,
  `disabled` tinyint(1) NOT NULL DEFAULT '0'
) ENGINE=InnoDB DEFAULT CHARSET=utf8mb4 COLLATE=utf8mb4_0900_ai_ci;

--
-- Дамп данных таблицы `employee_work_exp`
--

INSERT INTO `employee_work_exp` (`id`, `id_user`, `dateCreate`, `timeLastEdit`, `disabled`) VALUES
(1, 1, '2023-11-08 18:07:53', '', 1),
(4, 3, '2023-11-09 20:57:30', '16.11.2023 12:21:39', 0),
(5, 3, '2023-11-09 20:57:32', '', 1),
(6, 2, '2023-11-09 21:15:35', '16.11.2023 12:55:48', 1),
(7, 1, '2023-11-09 21:15:45', '16.11.2023 09:48:52', 1),
(8, 2, '2023-11-09 22:04:15', '', 1),
(9, 1, '2023-11-16 03:53:49', '01.05.2024 05:46:53', 1),
(10, 1, '2023-11-16 07:55:51', '16.11.2023 12:55:51', 1),
(11, 2, '2023-11-16 10:10:44', '16.11.2023 15:11:15', 1),
(12, 1, '2024-04-13 09:51:55', '13.04.2024 12:51:55', 1),
(13, 1, '2024-05-05 07:36:42', '14.05.2024 23:29:06', 1),
(14, 1, '2024-05-11 00:56:54', '11.05.2024 03:56:54', 1),
(15, 1, '2024-05-11 17:00:28', '14.05.2024 03:32:41', 1),
(16, 4, '2024-05-13 12:28:20', '13.05.2024 15:28:20', 1),
(20, 4, '2024-05-15 19:12:45', '15.05.2024 22:13:07', 1),
(21, 4, '2024-05-15 19:16:01', '15.05.2024 22:17:30', 0);

-- --------------------------------------------------------

--
-- Структура таблицы `employee_work_exp_body`
--

CREATE TABLE `employee_work_exp_body` (
  `id` int NOT NULL,
  `id_doc` int NOT NULL,
  `name_of_indicators` text NOT NULL,
  `all_exp` json NOT NULL,
  `teach_exp` json DEFAULT NULL,
  `not_exp` int NOT NULL
) ENGINE=InnoDB DEFAULT CHARSET=utf8mb4 COLLATE=utf8mb4_0900_ai_ci COMMENT='8164 Персонал2.xlsx';

--
-- Дамп данных таблицы `employee_work_exp_body`
--

INSERT INTO `employee_work_exp_body` (`id`, `id_doc`, `name_of_indicators`, `all_exp`, `teach_exp`, `not_exp`) VALUES
(1, 1, 'В том числе руководящие работники', '{\"before3\": 3, \"from3to5\": 10}', '{\"before3\": 3, \"from3to5\": 10}', 5),
(5, 5, '', '{\"col4\": 5, \"col5\": 1, \"col6\": 0, \"col7\": 0, \"col8\": 4, \"col9\": 0, \"col10\": 0}', '{\"col12\": 7, \"col13\": 0, \"col14\": 0, \"col15\": 10, \"col16\": 0, \"col17\": 0}', 22),
(6, 5, '', '{\"col4\": 7, \"col5\": 0, \"col6\": 2, \"col7\": 0, \"col8\": 0, \"col9\": 5, \"col10\": 0}', '{\"col12\": 0, \"col13\": 8, \"col14\": 0, \"col15\": 0, \"col16\": 11, \"col17\": 0}', 22),
(7, 5, '', '{\"col4\": 9, \"col5\": 0, \"col6\": 0, \"col7\": 3, \"col8\": 0, \"col9\": 0, \"col10\": 6}', '{\"col12\": 0, \"col13\": 0, \"col14\": 9, \"col15\": 0, \"col16\": 0, \"col17\": 12}', 22),
(15, 8, '', '{\"col4\": 0, \"col5\": 0, \"col6\": 0, \"col7\": 0, \"col8\": 0, \"col9\": 0, \"col10\": 0}', '{\"col12\": 0, \"col13\": 0, \"col14\": 0, \"col15\": 0, \"col16\": 0, \"col17\": 0}', 0),
(16, 8, 'фыв', '{\"col4\": 0, \"col5\": 999, \"col6\": 999, \"col7\": 0, \"col8\": 0, \"col9\": 0, \"col10\": 0}', '{\"col12\": 0, \"col13\": 0, \"col14\": 0, \"col15\": 0, \"col16\": 0, \"col17\": 0}', 124),
(17, 8, 'рвырвыр', '{\"col4\": 0, \"col5\": 325, \"col6\": 0, \"col7\": 0, \"col8\": 0, \"col9\": 235, \"col10\": 0}', '{\"col12\": 999, \"col13\": 0, \"col14\": 0, \"col15\": 253, \"col16\": 0, \"col17\": 999}', 0),
(18, 8, 'фыпыфп', '{\"col4\": 0, \"col5\": 0, \"col6\": 0, \"col7\": 0, \"col8\": 999, \"col9\": 0, \"col10\": 0}', '{\"col12\": 0, \"col13\": 0, \"col14\": 0, \"col15\": 0, \"col16\": 0, \"col17\": 0}', 999),
(19, 8, 'фыпфыпыф', '{\"col4\": 0, \"col5\": 0, \"col6\": 0, \"col7\": 0, \"col8\": 124, \"col9\": 0, \"col10\": 0}', '{\"col12\": 0, \"col13\": 234, \"col14\": 0, \"col15\": 0, \"col16\": 0, \"col17\": 0}', 999),
(20, 8, 'фыв', '{\"col4\": 0, \"col5\": 999, \"col6\": 999, \"col7\": 0, \"col8\": 0, \"col9\": 0, \"col10\": 0}', '{\"col12\": 0, \"col13\": 0, \"col14\": 0, \"col15\": 0, \"col16\": 0, \"col17\": 0}', 124),
(21, 8, 'рвырвыр', '{\"col4\": 0, \"col5\": 325, \"col6\": 0, \"col7\": 0, \"col8\": 0, \"col9\": 235, \"col10\": 0}', '{\"col12\": 999, \"col13\": 0, \"col14\": 0, \"col15\": 253, \"col16\": 0, \"col17\": 999}', 0),
(22, 8, 'фыпыфп', '{\"col4\": 0, \"col5\": 0, \"col6\": 0, \"col7\": 0, \"col8\": 999, \"col9\": 0, \"col10\": 0}', '{\"col12\": 0, \"col13\": 0, \"col14\": 0, \"col15\": 0, \"col16\": 0, \"col17\": 0}', 999),
(23, 8, 'фыпфыпыф', '{\"col4\": 0, \"col5\": 0, \"col6\": 0, \"col7\": 0, \"col8\": 124, \"col9\": 0, \"col10\": 0}', '{\"col12\": 0, \"col13\": 234, \"col14\": 0, \"col15\": 0, \"col16\": 0, \"col17\": 0}', 999),
(28, 7, 'фыв', '{\"col4\": 1998, \"col5\": 999, \"col6\": 999, \"col7\": 0, \"col8\": 0, \"col9\": 0, \"col10\": 0}', '{\"col12\": 0, \"col13\": 0, \"col14\": 0, \"col15\": 0, \"col16\": 0, \"col17\": 0, \"col18\": 124}', 124),
(29, 7, 'рвырвыр', '{\"col4\": 560, \"col5\": 325, \"col6\": 0, \"col7\": 0, \"col8\": 0, \"col9\": 235, \"col10\": 0}', '{\"col12\": 999, \"col13\": 0, \"col14\": 0, \"col15\": 253, \"col16\": 0, \"col17\": 999, \"col18\": 0}', 0),
(30, 7, 'фыпыфп', '{\"col4\": 999, \"col5\": 0, \"col6\": 0, \"col7\": 0, \"col8\": 999, \"col9\": 0, \"col10\": 0}', '{\"col12\": 0, \"col13\": 0, \"col14\": 0, \"col15\": 0, \"col16\": 0, \"col17\": 0, \"col18\": 999}', 999),
(31, 7, 'фыпфыпыф', '{\"col4\": 124, \"col5\": 0, \"col6\": 0, \"col7\": 0, \"col8\": 124, \"col9\": 0, \"col10\": 0}', '{\"col12\": 0, \"col13\": 234, \"col14\": 0, \"col15\": 0, \"col16\": 0, \"col17\": 0, \"col18\": 999}', 999),
(32, 4, '', '{\"col4\": 5, \"col5\": 1, \"col6\": 0, \"col7\": 0, \"col8\": 4, \"col9\": 0, \"col10\": 0}', '{\"col12\": 7, \"col13\": 0, \"col14\": 0, \"col15\": 10, \"col16\": 0, \"col17\": 0, \"col18\": 22}', 22),
(33, 4, 'смтвапвап', '{\"col4\": 7, \"col5\": 0, \"col6\": 2, \"col7\": 0, \"col8\": 0, \"col9\": 5, \"col10\": 0}', '{\"col12\": 0, \"col13\": 8, \"col14\": 0, \"col15\": 0, \"col16\": 11, \"col17\": 0, \"col18\": 22}', 22),
(34, 4, '', '{\"col4\": 9, \"col5\": 0, \"col6\": 0, \"col7\": 3, \"col8\": 0, \"col9\": 0, \"col10\": 6}', '{\"col12\": 0, \"col13\": 0, \"col14\": 9, \"col15\": 0, \"col16\": 0, \"col17\": 12, \"col18\": 22}', 22),
(35, 6, 'фыв', '{\"col4\": 1998, \"col5\": 999, \"col6\": 999, \"col7\": 0, \"col8\": 0, \"col9\": 0, \"col10\": 0}', '{\"col12\": 0, \"col13\": 0, \"col14\": 0, \"col15\": 0, \"col16\": 0, \"col17\": 0, \"col18\": 124}', 124),
(36, 6, 'рвырвыр', '{\"col4\": 560, \"col5\": 325, \"col6\": 0, \"col7\": 0, \"col8\": 0, \"col9\": 235, \"col10\": 0}', '{\"col12\": 999, \"col13\": 0, \"col14\": 0, \"col15\": 253, \"col16\": 0, \"col17\": 999, \"col18\": 0}', 0),
(37, 6, 'фыпыфп', '{\"col4\": 999, \"col5\": 0, \"col6\": 0, \"col7\": 0, \"col8\": 999, \"col9\": 0, \"col10\": 0}', '{\"col12\": 0, \"col13\": 0, \"col14\": 0, \"col15\": 0, \"col16\": 0, \"col17\": 0, \"col18\": 999}', 999),
(38, 10, '', '{\"col4\": 0, \"col5\": 0, \"col6\": 0, \"col7\": 0, \"col8\": 0, \"col9\": 0, \"col10\": 0}', '{\"col12\": 0, \"col13\": 0, \"col14\": 0, \"col15\": 0, \"col16\": 0, \"col17\": 0}', 0),
(43, 11, 'Численность работников всего', '{\"col4\": 21, \"col5\": 10, \"col6\": 2, \"col7\": 3, \"col8\": 1, \"col9\": 4, \"col10\": 1}', '{\"col12\": 4, \"col13\": 0, \"col14\": 5, \"col15\": 6, \"col16\": 7, \"col17\": 2, \"col18\": 2}', 2),
(44, 11, 'В ТОМ ЧИСЛЕ РУКОВДЯЩИЕ РАБОТНИКИ', '{\"col4\": 1001, \"col5\": 1, \"col6\": 1, \"col7\": 999, \"col8\": 0, \"col9\": 0, \"col10\": 0}', '{\"col12\": 0, \"col13\": 0, \"col14\": 0, \"col15\": 0, \"col16\": 0, \"col17\": 0, \"col18\": 0}', 0),
(81, 12, '', '{\"col4\": 0, \"col5\": 0, \"col6\": 0, \"col7\": 0, \"col8\": 0, \"col9\": 0, \"col10\": 0}', '{\"col12\": 0, \"col13\": 0, \"col14\": 0, \"col15\": 0, \"col16\": 0, \"col17\": 0}', 0),
(211, 9, 'люди', '{\"col4\": 10, \"col5\": 5, \"col6\": 0, \"col7\": 3, \"col8\": 2, \"col9\": 0, \"col10\": 0}', '{\"col12\": 1, \"col13\": 2, \"col14\": 3, \"col15\": 6, \"col16\": 0, \"col17\": 5, \"col18\": 0}', 0),
(212, 9, 'коты', '{\"col4\": 37, \"col5\": 5, \"col6\": 5, \"col7\": 20, \"col8\": 0, \"col9\": 0, \"col10\": 7}', '{\"col12\": 0, \"col13\": 11, \"col14\": 24, \"col15\": 4, \"col16\": 0, \"col17\": 0, \"col18\": 48}', 48),
(213, 9, '', '{\"col4\": 0, \"col5\": 0, \"col6\": 0, \"col7\": 0, \"col8\": 0, \"col9\": 0, \"col10\": 0}', '{\"col12\": 0, \"col13\": 0, \"col14\": 0, \"col15\": 0, \"col16\": 0, \"col17\": 0, \"col18\": 0}', 0),
(214, 9, '', '{\"col4\": 17, \"col5\": 0, \"col6\": 8, \"col7\": 0, \"col8\": 0, \"col9\": 0, \"col10\": 9}', '{\"col12\": 0, \"col13\": 0, \"col14\": 0, \"col15\": 0, \"col16\": 0, \"col17\": 0, \"col18\": 0}', 0),
(215, 9, '', '{\"col4\": 0, \"col5\": 0, \"col6\": 0, \"col7\": 0, \"col8\": 0, \"col9\": 0, \"col10\": 0}', '{\"col12\": 0, \"col13\": 0, \"col14\": 0, \"col15\": 0, \"col16\": 0, \"col17\": 0, \"col18\": 0}', 0),
(216, 9, '', '{\"col4\": 0, \"col5\": 0, \"col6\": 0, \"col7\": 0, \"col8\": 0, \"col9\": 0, \"col10\": 0}', '{\"col12\": 0, \"col13\": 0, \"col14\": 0, \"col15\": 0, \"col16\": 0, \"col17\": 0, \"col18\": 1}', 1),
(217, 9, '', '{\"col4\": 0, \"col5\": 0, \"col6\": 0, \"col7\": 0, \"col8\": 0, \"col9\": 0, \"col10\": 0}', '{\"col12\": 0, \"col13\": 0, \"col14\": 0, \"col15\": 0, \"col16\": 0, \"col17\": 0, \"col18\": 0}', 0),
(226, 14, '', '{\"col4\": 0, \"col5\": 0, \"col6\": 0, \"col7\": 0, \"col8\": 0, \"col9\": 0, \"col10\": 0}', '{\"col12\": 0, \"col13\": 0, \"col14\": 0, \"col15\": 0, \"col16\": 0, \"col17\": 0}', 0),
(227, 14, '', '{\"col4\": 0, \"col5\": 0, \"col6\": 0, \"col7\": 0, \"col8\": 0, \"col9\": 0, \"col10\": 0}', '{\"col12\": 0, \"col13\": 0, \"col14\": 0, \"col15\": 0, \"col16\": 0, \"col17\": 0}', 0),
(231, 16, '', '{\"col4\": 0, \"col5\": 0, \"col6\": 0, \"col7\": 0, \"col8\": 0, \"col9\": 0, \"col10\": 0}', '{\"col12\": 0, \"col13\": 0, \"col14\": 0, \"col15\": 0, \"col16\": 0, \"col17\": 0}', 999),
(232, 16, '', '{\"col4\": 0, \"col5\": 0, \"col6\": 0, \"col7\": 0, \"col8\": 0, \"col9\": 0, \"col10\": 0}', '{\"col12\": 0, \"col13\": 0, \"col14\": 0, \"col15\": 0, \"col16\": 0, \"col17\": 0}', 42),
(255, 15, '', '{\"col4\": 0, \"col5\": 0, \"col6\": 0, \"col7\": 0, \"col8\": 0, \"col9\": 0, \"col10\": 0}', '{\"col12\": 1, \"col13\": 1, \"col14\": 1, \"col15\": 1, \"col16\": 1, \"col17\": 1, \"col18\": 1}', 1),
(256, 15, '', '{\"col4\": 0, \"col5\": 0, \"col6\": 0, \"col7\": 0, \"col8\": 0, \"col9\": 0, \"col10\": 0}', '{\"col12\": 0, \"col13\": 0, \"col14\": 0, \"col15\": 0, \"col16\": 0, \"col17\": 0, \"col18\": 2}', 2),
(257, 15, '', '{\"col4\": 0, \"col5\": 0, \"col6\": 0, \"col7\": 0, \"col8\": 0, \"col9\": 0, \"col10\": 0}', '{\"col12\": 0, \"col13\": 0, \"col14\": 0, \"col15\": 0, \"col16\": 0, \"col17\": 0, \"col18\": 0}', 0),
(304, 13, '', '{\"col4\": 0, \"col5\": 0, \"col6\": 0, \"col7\": 0, \"col8\": 0, \"col9\": 0, \"col10\": 0}', '{\"col12\": 0, \"col13\": 0, \"col14\": 0, \"col15\": 0, \"col16\": 0, \"col17\": 1, \"col18\": 4}', 4),
(305, 13, '', '{\"col4\": 0, \"col5\": 0, \"col6\": 0, \"col7\": 0, \"col8\": 0, \"col9\": 0, \"col10\": 0}', '{\"col12\": 0, \"col13\": 0, \"col14\": 0, \"col15\": 0, \"col16\": 0, \"col17\": 11, \"col18\": 44}', 44),
(306, 13, '', '{\"col4\": 0, \"col5\": 0, \"col6\": 0, \"col7\": 0, \"col8\": 0, \"col9\": 0, \"col10\": 0}', '{\"col12\": 0, \"col13\": 0, \"col14\": 0, \"col15\": 0, \"col16\": 0, \"col17\": 0, \"col18\": 0}', 0),
(307, 13, '', '{\"col4\": 0, \"col5\": 0, \"col6\": 0, \"col7\": 0, \"col8\": 0, \"col9\": 0, \"col10\": 0}', '{\"col12\": 0, \"col13\": 0, \"col14\": 0, \"col15\": 0, \"col16\": 0, \"col17\": 0, \"col18\": 0}', 0),
(308, 13, '', '{\"col4\": 0, \"col5\": 0, \"col6\": 0, \"col7\": 0, \"col8\": 0, \"col9\": 0, \"col10\": 0}', '{\"col12\": 0, \"col13\": 0, \"col14\": 0, \"col15\": 0, \"col16\": 0, \"col17\": 0, \"col18\": 0}', 0),
(309, 13, '', '{\"col4\": 0, \"col5\": 0, \"col6\": 0, \"col7\": 0, \"col8\": 0, \"col9\": 0, \"col10\": 0}', '{\"col12\": 0, \"col13\": 0, \"col14\": 0, \"col15\": 0, \"col16\": 0, \"col17\": 0, \"col18\": 0}', 0),
(310, 13, '', '{\"col4\": 0, \"col5\": 0, \"col6\": 0, \"col7\": 0, \"col8\": 0, \"col9\": 0, \"col10\": 0}', '{\"col12\": 0, \"col13\": 0, \"col14\": 0, \"col15\": 0, \"col16\": 0, \"col17\": 0, \"col18\": 0}', 0),
(311, 13, '', '{\"col4\": 0, \"col5\": 0, \"col6\": 0, \"col7\": 0, \"col8\": 0, \"col9\": 0, \"col10\": 0}', '{\"col12\": 0, \"col13\": 0, \"col14\": 0, \"col15\": 0, \"col16\": 0, \"col17\": 0, \"col18\": 0}', 0),
(312, 13, '', '{\"col4\": 0, \"col5\": 0, \"col6\": 0, \"col7\": 0, \"col8\": 0, \"col9\": 0, \"col10\": 0}', '{\"col12\": 0, \"col13\": 0, \"col14\": 0, \"col15\": 0, \"col16\": 0, \"col17\": 0, \"col18\": 0}', 0),
(313, 13, '', '{\"col4\": 0, \"col5\": 0, \"col6\": 0, \"col7\": 0, \"col8\": 0, \"col9\": 0, \"col10\": 0}', '{\"col12\": 0, \"col13\": 0, \"col14\": 0, \"col15\": 0, \"col16\": 0, \"col17\": 0, \"col18\": 0}', 0),
(314, 13, '', '{\"col4\": 0, \"col5\": 0, \"col6\": 0, \"col7\": 0, \"col8\": 0, \"col9\": 0, \"col10\": 0}', '{\"col12\": 0, \"col13\": 0, \"col14\": 0, \"col15\": 0, \"col16\": 0, \"col17\": 0, \"col18\": 0}', 0),
(315, 13, '', '{\"col4\": 0, \"col5\": 0, \"col6\": 0, \"col7\": 0, \"col8\": 0, \"col9\": 0, \"col10\": 0}', '{\"col12\": 0, \"col13\": 0, \"col14\": 0, \"col15\": 0, \"col16\": 0, \"col17\": 0, \"col18\": 0}', 0),
(316, 13, '', '{\"col4\": 0, \"col5\": 0, \"col6\": 0, \"col7\": 0, \"col8\": 0, \"col9\": 0, \"col10\": 0}', '{\"col12\": 0, \"col13\": 0, \"col14\": 0, \"col15\": 0, \"col16\": 0, \"col17\": 0, \"col18\": 0}', 0),
(317, 13, '', '{\"col4\": 0, \"col5\": 0, \"col6\": 0, \"col7\": 0, \"col8\": 0, \"col9\": 0, \"col10\": 0}', '{\"col12\": 0, \"col13\": 0, \"col14\": 0, \"col15\": 0, \"col16\": 0, \"col17\": 0, \"col18\": 0}', 0),
(318, 13, '', '{\"col4\": 0, \"col5\": 0, \"col6\": 0, \"col7\": 0, \"col8\": 0, \"col9\": 0, \"col10\": 0}', '{\"col12\": 0, \"col13\": 0, \"col14\": 0, \"col15\": 0, \"col16\": 0, \"col17\": 0, \"col18\": 0}', 0),
(341, 20, 'Численность работников - всего (сумма строк 02, 06, 21, 22)', '{\"col4\": 0, \"col5\": 0, \"col6\": 0, \"col7\": 0, \"col8\": 0, \"col9\": 0, \"col10\": 0}', '{\"col12\": 0, \"col13\": 0, \"col14\": 0, \"col15\": 0, \"col16\": 0, \"col17\": 1, \"col18\": 0}', 0),
(342, 20, 'в том числе: руководящие работники - всего', '{\"col4\": 0, \"col5\": 0, \"col6\": 0, \"col7\": 0, \"col8\": 0, \"col9\": 0, \"col10\": 0}', '{\"col12\": 0, \"col13\": 0, \"col14\": 0, \"col15\": 0, \"col16\": 0, \"col17\": 0, \"col18\": 0}', 0),
(343, 20, 'из них: директор (начальник)', '{\"col4\": 0, \"col5\": 0, \"col6\": 0, \"col7\": 0, \"col8\": 0, \"col9\": 0, \"col10\": 0}', '{\"col12\": 0, \"col13\": 0, \"col14\": 0, \"col15\": 0, \"col16\": 0, \"col17\": 2, \"col18\": 0}', 0),
(344, 20, 'из них: заместители директора (начальника)', '{\"col4\": 0, \"col5\": 0, \"col6\": 0, \"col7\": 0, \"col8\": 0, \"col9\": 0, \"col10\": 0}', '{\"col12\": 0, \"col13\": 0, \"col14\": 0, \"col15\": 0, \"col16\": 0, \"col17\": 0, \"col18\": 0}', 0),
(345, 20, 'из них: руководитель филиала', '{\"col4\": 0, \"col5\": 0, \"col6\": 0, \"col7\": 0, \"col8\": 0, \"col9\": 0, \"col10\": 0}', '{\"col12\": 0, \"col13\": 0, \"col14\": 0, \"col15\": 0, \"col16\": 0, \"col17\": 3, \"col18\": 0}', 0),
(346, 20, 'в том числе: педагогические работники - всего (сумма строк 07,12-20)', '{\"col4\": 0, \"col5\": 0, \"col6\": 0, \"col7\": 0, \"col8\": 0, \"col9\": 0, \"col10\": 0}', '{\"col12\": 0, \"col13\": 0, \"col14\": 0, \"col15\": 0, \"col16\": 0, \"col17\": 0, \"col18\": 0}', 0),
(347, 20, 'в том числе: преподаватели - всего (сумма строк 8-11)', '{\"col4\": 0, \"col5\": 0, \"col6\": 0, \"col7\": 0, \"col8\": 0, \"col9\": 0, \"col10\": 0}', '{\"col12\": 0, \"col13\": 0, \"col14\": 0, \"col15\": 0, \"col16\": 0, \"col17\": 0, \"col18\": 0}', 0),
(348, 20, 'из них: общеобразовательных дисциплин', '{\"col4\": 0, \"col5\": 0, \"col6\": 0, \"col7\": 0, \"col8\": 0, \"col9\": 0, \"col10\": 0}', '{\"col12\": 0, \"col13\": 0, \"col14\": 0, \"col15\": 0, \"col16\": 0, \"col17\": 0, \"col18\": 0}', 0),
(349, 20, 'из них: общего гуманитарного и социально-экономического учебного цикла', '{\"col4\": 0, \"col5\": 0, \"col6\": 0, \"col7\": 0, \"col8\": 0, \"col9\": 0, \"col10\": 0}', '{\"col12\": 0, \"col13\": 0, \"col14\": 0, \"col15\": 0, \"col16\": 0, \"col17\": 0, \"col18\": 0}', 0),
(350, 20, 'из них: математического и общего естественнонаучного учебного цикла', '{\"col4\": 0, \"col5\": 0, \"col6\": 0, \"col7\": 0, \"col8\": 0, \"col9\": 0, \"col10\": 0}', '{\"col12\": 0, \"col13\": 0, \"col14\": 0, \"col15\": 0, \"col16\": 0, \"col17\": 0, \"col18\": 0}', 0),
(351, 20, 'из них: профессионального учебного цикла', '{\"col4\": 0, \"col5\": 0, \"col6\": 0, \"col7\": 0, \"col8\": 0, \"col9\": 0, \"col10\": 0}', '{\"col12\": 0, \"col13\": 0, \"col14\": 0, \"col15\": 0, \"col16\": 0, \"col17\": 0, \"col18\": 0}', 0),
(352, 20, 'в том числе: мастера производственного обучения', '{\"col4\": 0, \"col5\": 0, \"col6\": 0, \"col7\": 0, \"col8\": 0, \"col9\": 0, \"col10\": 0}', '{\"col12\": 0, \"col13\": 0, \"col14\": 0, \"col15\": 0, \"col16\": 0, \"col17\": 0, \"col18\": 0}', 0),
(353, 20, 'в том числе: социальные педагоги', '{\"col4\": 0, \"col5\": 0, \"col6\": 0, \"col7\": 0, \"col8\": 0, \"col9\": 0, \"col10\": 0}', '{\"col12\": 0, \"col13\": 0, \"col14\": 0, \"col15\": 0, \"col16\": 0, \"col17\": 0, \"col18\": 0}', 0),
(354, 20, 'в том числе: педагоги-психологи', '{\"col4\": 0, \"col5\": 0, \"col6\": 0, \"col7\": 0, \"col8\": 0, \"col9\": 0, \"col10\": 0}', '{\"col12\": 0, \"col13\": 0, \"col14\": 0, \"col15\": 0, \"col16\": 0, \"col17\": 0, \"col18\": 0}', 0),
(355, 20, 'в том числе: педагоги-организаторы', '{\"col4\": 0, \"col5\": 0, \"col6\": 0, \"col7\": 0, \"col8\": 0, \"col9\": 0, \"col10\": 0}', '{\"col12\": 0, \"col13\": 0, \"col14\": 0, \"col15\": 0, \"col16\": 0, \"col17\": 0, \"col18\": 0}', 0),
(356, 20, 'в том числе: преподаватели-организаторы (основ безопасности жизнедеятельности, допризывной подготовки)', '{\"col4\": 0, \"col5\": 0, \"col6\": 0, \"col7\": 0, \"col8\": 0, \"col9\": 0, \"col10\": 0}', '{\"col12\": 0, \"col13\": 0, \"col14\": 0, \"col15\": 0, \"col16\": 0, \"col17\": 0, \"col18\": 0}', 0),
(357, 20, 'в том числе: руководители физического воспитания', '{\"col4\": 0, \"col5\": 0, \"col6\": 0, \"col7\": 0, \"col8\": 0, \"col9\": 0, \"col10\": 0}', '{\"col12\": 0, \"col13\": 0, \"col14\": 0, \"col15\": 0, \"col16\": 0, \"col17\": 0, \"col18\": 0}', 0),
(358, 20, 'в том числе: методисты', '{\"col4\": 0, \"col5\": 0, \"col6\": 0, \"col7\": 0, \"col8\": 0, \"col9\": 0, \"col10\": 0}', '{\"col12\": 0, \"col13\": 0, \"col14\": 0, \"col15\": 0, \"col16\": 0, \"col17\": 0, \"col18\": 0}', 0),
(359, 20, 'в том числе: тьюторы', '{\"col4\": 0, \"col5\": 0, \"col6\": 0, \"col7\": 0, \"col8\": 0, \"col9\": 0, \"col10\": 0}', '{\"col12\": 0, \"col13\": 0, \"col14\": 0, \"col15\": 0, \"col16\": 0, \"col17\": 0, \"col18\": 0}', 0),
(360, 20, 'в том числе: прочие', '{\"col4\": 0, \"col5\": 0, \"col6\": 0, \"col7\": 0, \"col8\": 0, \"col9\": 0, \"col10\": 0}', '{\"col12\": 0, \"col13\": 0, \"col14\": 0, \"col15\": 0, \"col16\": 0, \"col17\": 0, \"col18\": 0}', 0),
(361, 20, 'в том числе: учебно-вспомогательный персонал', '{\"col4\": 0, \"col5\": 0, \"col6\": 0, \"col7\": 0, \"col8\": 0, \"col9\": 0, \"col10\": 0}', '{\"col12\": 0, \"col13\": 0, \"col14\": 0, \"col15\": 0, \"col16\": 0, \"col17\": 0, \"col18\": 0}', 0),
(362, 20, 'в том числе: обслуживающий персонал', '{\"col4\": 0, \"col5\": 0, \"col6\": 0, \"col7\": 0, \"col8\": 0, \"col9\": 0, \"col10\": 0}', '{\"col12\": 0, \"col13\": 0, \"col14\": 0, \"col15\": 0, \"col16\": 0, \"col17\": 0, \"col18\": 0}', 0),
(385, 21, 'Численность работников - всего (сумма строк 02, 06, 21, 22)', '{\"col4\": 2, \"col5\": 1, \"col6\": 1, \"col7\": 0, \"col8\": 0, \"col9\": 0, \"col10\": 0}', '{\"col12\": 1, \"col13\": 1, \"col14\": 1, \"col15\": 1, \"col16\": 1, \"col17\": 1, \"col18\": 1}', 1),
(386, 21, 'в том числе: руководящие работники - всего', '{\"col4\": 240, \"col5\": 10, \"col6\": 230, \"col7\": 0, \"col8\": 0, \"col9\": 0, \"col10\": 0}', '{\"col12\": 0, \"col13\": 0, \"col14\": 10, \"col15\": 0, \"col16\": 0, \"col17\": 0, \"col18\": 20}', 20),
(387, 21, 'из них: директор (начальник)', '{\"col4\": 0, \"col5\": 0, \"col6\": 0, \"col7\": 0, \"col8\": 0, \"col9\": 0, \"col10\": 0}', '{\"col12\": 0, \"col13\": 30, \"col14\": 0, \"col15\": 20, \"col16\": 30, \"col17\": 2, \"col18\": 30}', 30),
(388, 21, 'из них: заместители директора (начальника)', '{\"col4\": 0, \"col5\": 0, \"col6\": 0, \"col7\": 0, \"col8\": 0, \"col9\": 0, \"col10\": 0}', '{\"col12\": 0, \"col13\": 0, \"col14\": 0, \"col15\": 0, \"col16\": 0, \"col17\": 2, \"col18\": 0}', 0),
(389, 21, 'из них: руководитель филиала', '{\"col4\": 0, \"col5\": 0, \"col6\": 0, \"col7\": 0, \"col8\": 0, \"col9\": 0, \"col10\": 0}', '{\"col12\": 0, \"col13\": 0, \"col14\": 0, \"col15\": 0, \"col16\": 0, \"col17\": 0, \"col18\": 0}', 0),
(390, 21, 'в том числе: педагогические работники - всего (сумма строк 07,12-20)', '{\"col4\": 0, \"col5\": 0, \"col6\": 0, \"col7\": 0, \"col8\": 0, \"col9\": 0, \"col10\": 0}', '{\"col12\": 0, \"col13\": 0, \"col14\": 0, \"col15\": 0, \"col16\": 0, \"col17\": 0, \"col18\": 0}', 0),
(391, 21, 'в том числе: преподаватели - всего (сумма строк 8-11)', '{\"col4\": 0, \"col5\": 0, \"col6\": 0, \"col7\": 0, \"col8\": 0, \"col9\": 0, \"col10\": 0}', '{\"col12\": 0, \"col13\": 0, \"col14\": 0, \"col15\": 0, \"col16\": 0, \"col17\": 0, \"col18\": 0}', 0),
(392, 21, 'из них: общеобразовательных дисциплин', '{\"col4\": 0, \"col5\": 0, \"col6\": 0, \"col7\": 0, \"col8\": 0, \"col9\": 0, \"col10\": 0}', '{\"col12\": 0, \"col13\": 0, \"col14\": 0, \"col15\": 0, \"col16\": 0, \"col17\": 0, \"col18\": 0}', 0),
(393, 21, 'из них: общего гуманитарного и социально-экономического учебного цикла', '{\"col4\": 0, \"col5\": 0, \"col6\": 0, \"col7\": 0, \"col8\": 0, \"col9\": 0, \"col10\": 0}', '{\"col12\": 0, \"col13\": 0, \"col14\": 0, \"col15\": 0, \"col16\": 0, \"col17\": 0, \"col18\": 0}', 0),
(394, 21, 'из них: математического и общего естественнонаучного учебного цикла', '{\"col4\": 0, \"col5\": 0, \"col6\": 0, \"col7\": 0, \"col8\": 0, \"col9\": 0, \"col10\": 0}', '{\"col12\": 0, \"col13\": 0, \"col14\": 0, \"col15\": 0, \"col16\": 0, \"col17\": 0, \"col18\": 0}', 0),
(395, 21, 'из них: профессионального учебного цикла', '{\"col4\": 0, \"col5\": 0, \"col6\": 0, \"col7\": 0, \"col8\": 0, \"col9\": 0, \"col10\": 0}', '{\"col12\": 0, \"col13\": 0, \"col14\": 0, \"col15\": 0, \"col16\": 0, \"col17\": 0, \"col18\": 0}', 0),
(396, 21, 'в том числе: мастера производственного обучения', '{\"col4\": 0, \"col5\": 0, \"col6\": 0, \"col7\": 0, \"col8\": 0, \"col9\": 0, \"col10\": 0}', '{\"col12\": 0, \"col13\": 0, \"col14\": 0, \"col15\": 0, \"col16\": 0, \"col17\": 0, \"col18\": 0}', 0),
(397, 21, 'в том числе: социальные педагоги', '{\"col4\": 0, \"col5\": 0, \"col6\": 0, \"col7\": 0, \"col8\": 0, \"col9\": 0, \"col10\": 0}', '{\"col12\": 0, \"col13\": 0, \"col14\": 0, \"col15\": 0, \"col16\": 0, \"col17\": 0, \"col18\": 0}', 0),
(398, 21, 'в том числе: педагоги-психологи', '{\"col4\": 0, \"col5\": 0, \"col6\": 0, \"col7\": 0, \"col8\": 0, \"col9\": 0, \"col10\": 0}', '{\"col12\": 0, \"col13\": 0, \"col14\": 0, \"col15\": 0, \"col16\": 0, \"col17\": 0, \"col18\": 0}', 0),
(399, 21, 'в том числе: педагоги-организаторы', '{\"col4\": 0, \"col5\": 0, \"col6\": 0, \"col7\": 0, \"col8\": 0, \"col9\": 0, \"col10\": 0}', '{\"col12\": 0, \"col13\": 0, \"col14\": 0, \"col15\": 0, \"col16\": 0, \"col17\": 0, \"col18\": 0}', 0),
(400, 21, 'в том числе: преподаватели-организаторы (основ безопасности жизнедеятельности, допризывной подготовки)', '{\"col4\": 0, \"col5\": 0, \"col6\": 0, \"col7\": 0, \"col8\": 0, \"col9\": 0, \"col10\": 0}', '{\"col12\": 0, \"col13\": 0, \"col14\": 0, \"col15\": 0, \"col16\": 0, \"col17\": 0, \"col18\": 0}', 0),
(401, 21, 'в том числе: руководители физического воспитания', '{\"col4\": 0, \"col5\": 0, \"col6\": 0, \"col7\": 0, \"col8\": 0, \"col9\": 0, \"col10\": 0}', '{\"col12\": 0, \"col13\": 0, \"col14\": 0, \"col15\": 0, \"col16\": 0, \"col17\": 0, \"col18\": 0}', 0),
(402, 21, 'в том числе: методисты', '{\"col4\": 0, \"col5\": 0, \"col6\": 0, \"col7\": 0, \"col8\": 0, \"col9\": 0, \"col10\": 0}', '{\"col12\": 0, \"col13\": 0, \"col14\": 0, \"col15\": 0, \"col16\": 0, \"col17\": 0, \"col18\": 0}', 0),
(403, 21, 'в том числе: тьюторы', '{\"col4\": 0, \"col5\": 0, \"col6\": 0, \"col7\": 0, \"col8\": 0, \"col9\": 0, \"col10\": 0}', '{\"col12\": 0, \"col13\": 0, \"col14\": 0, \"col15\": 0, \"col16\": 0, \"col17\": 0, \"col18\": 0}', 0),
(404, 21, 'в том числе: прочие', '{\"col4\": 0, \"col5\": 0, \"col6\": 0, \"col7\": 0, \"col8\": 0, \"col9\": 0, \"col10\": 0}', '{\"col12\": 0, \"col13\": 0, \"col14\": 0, \"col15\": 0, \"col16\": 0, \"col17\": 0, \"col18\": 0}', 0),
(405, 21, 'в том числе: учебно-вспомогательный персонал', '{\"col4\": 0, \"col5\": 0, \"col6\": 0, \"col7\": 0, \"col8\": 0, \"col9\": 0, \"col10\": 0}', '{\"col12\": 0, \"col13\": 0, \"col14\": 0, \"col15\": 0, \"col16\": 0, \"col17\": 0, \"col18\": 0}', 0),
(406, 21, 'в том числе: обслуживающий персонал', '{\"col4\": 0, \"col5\": 0, \"col6\": 0, \"col7\": 0, \"col8\": 0, \"col9\": 0, \"col10\": 0}', '{\"col12\": 0, \"col13\": 0, \"col14\": 0, \"col15\": 0, \"col16\": 0, \"col17\": 0, \"col18\": 0}', 0);

-- --------------------------------------------------------

--
-- Структура таблицы `enrollment`
--

CREATE TABLE `enrollment` (
  `id` int NOT NULL,
  `id_user` int NOT NULL,
  `dateCreate` timestamp NOT NULL DEFAULT CURRENT_TIMESTAMP,
  `timeLastEdit` text NOT NULL,
  `disabled` tinyint(1) NOT NULL DEFAULT '0'
) ENGINE=InnoDB DEFAULT CHARSET=utf8mb4 COLLATE=utf8mb4_0900_ai_ci;

--
-- Дамп данных таблицы `enrollment`
--

INSERT INTO `enrollment` (`id`, `id_user`, `dateCreate`, `timeLastEdit`, `disabled`) VALUES
(1, 2, '2023-11-15 04:09:08', '14.05.2024 06:33:14', 1),
(4, 1, '2024-05-14 12:17:55', '14.05.2024 15:17:55', 0);

-- --------------------------------------------------------

--
-- Структура таблицы `enrollment_body`
--

CREATE TABLE `enrollment_body` (
  `id` int NOT NULL,
  `id_doc` int NOT NULL,
  `Training_Program` varchar(255) DEFAULT NULL,
  `Standard_Category` varchar(255) DEFAULT NULL,
  `Occupation_Code` varchar(20) DEFAULT NULL,
  `Specialty_Name` varchar(255) DEFAULT NULL,
  `Duration_of_Study` int DEFAULT NULL,
  `Form_of_Education` varchar(50) DEFAULT NULL,
  `Course` int DEFAULT NULL,
  `Average_Grade_of_Certificate` decimal(4,2) DEFAULT NULL,
  `Number_of_KCP_According_to_Founder_Order` int DEFAULT NULL,
  `Total_Students_Count` int DEFAULT NULL,
  `Federal_Budget_Students_Count` int DEFAULT NULL,
  `Regional_Budget_Students_Count` int DEFAULT NULL,
  `Targeted_Training_Students_Count` int DEFAULT NULL,
  `Tuition_Paying_Students_Count` int DEFAULT NULL,
  `Foreign_Students_Count` int DEFAULT NULL,
  `Orphan_Children_Count` int DEFAULT NULL,
  `Children_without_Parental_Care_Count` int DEFAULT NULL,
  `Students_in_Need_of_Housing_Count` int DEFAULT NULL,
  `Provided_Dormitory_Space_Count` int DEFAULT NULL,
  `Denied_Dormitory_Space_Count` int DEFAULT NULL,
  `Graduation_Year_2024_Count` int DEFAULT NULL,
  `Number_of_Taking_Demonstration_Exam_GIA` int DEFAULT NULL,
  `Number_of_Taking_Demonstration_Exam_Intermediate_Assessment` int DEFAULT NULL,
  `Demonstration_Exam_Basic_Level_Count` int DEFAULT NULL,
  `Demonstration_Exam_Professional_Level_Count` int DEFAULT NULL
) ENGINE=InnoDB DEFAULT CHARSET=utf8mb4 COLLATE=utf8mb4_0900_ai_ci;

-- --------------------------------------------------------

--
-- Структура таблицы `invalids`
--

CREATE TABLE `invalids` (
  `id` int NOT NULL,
  `id_user` int NOT NULL,
  `dateCreate` timestamp NOT NULL DEFAULT CURRENT_TIMESTAMP,
  `timeLastEdit` text CHARACTER SET utf8mb4 COLLATE utf8mb4_0900_ai_ci,
  `disabled` tinyint(1) NOT NULL DEFAULT '0'
) ENGINE=InnoDB DEFAULT CHARSET=utf8mb4 COLLATE=utf8mb4_0900_ai_ci;

--
-- Дамп данных таблицы `invalids`
--

INSERT INTO `invalids` (`id`, `id_user`, `dateCreate`, `timeLastEdit`, `disabled`) VALUES
(1, 1, '2023-11-16 04:18:19', '16.11.2023 10:32:25', 1),
(2, 1, '2023-11-16 04:19:29', '16.11.2023 11:26:30', 1),
(3, 1, '2023-11-16 04:20:54', NULL, 1),
(4, 1, '2023-11-16 04:25:23', '16.11.2023 09:25:25', 1),
(5, 1, '2023-11-16 04:26:01', '16.11.2023 09:26:03', 1),
(6, 1, '2023-11-16 04:41:43', '16.11.2023 09:41:45', 1),
(7, 1, '2023-11-16 04:46:13', '16.11.2023 09:46:13', 1),
(8, 1, '2023-11-16 07:58:04', '16.11.2023 12:58:04', 1),
(9, 3, '2023-11-16 08:34:36', '16.11.2023 13:34:38', 1),
(10, 2, '2023-11-16 09:18:49', '16.11.2023 14:18:49', 1),
(11, 2, '2023-11-16 10:16:09', '14.05.2024 03:58:47', 1),
(12, 2, '2023-11-16 10:18:22', '16.11.2023 15:18:22', 1),
(13, 1, '2024-05-14 01:12:52', '16.11.2023 15:18:22', 1),
(14, 1, '2024-05-14 01:13:08', '16.11.2023 15:18:22', 1),
(15, 1, '2024-05-14 01:13:45', '16.11.2023 15:18:22', 1),
(16, 1, '2024-05-14 01:13:45', '16.11.2023 15:18:22', 1),
(17, 1, '2024-05-14 01:14:17', '14.05.2024 04:14:17', 1),
(18, 1, '2024-05-14 01:14:18', '14.05.2024 21:26:37', 1),
(19, 1, '2024-05-14 01:14:29', '14.05.2024 04:14:29', 1),
(20, 1, '2024-05-14 01:14:30', '14.05.2024 23:30:01', 1),
(21, 1, '2024-05-14 01:14:41', '14.05.2024 04:14:41', 1),
(22, 1, '2024-05-14 01:15:23', '14.05.2024 04:15:23', 1),
(23, 1, '2024-05-15 20:33:23', '15.05.2024 23:36:37', 0);

-- --------------------------------------------------------

--
-- Структура таблицы `invalids_body`
--

CREATE TABLE `invalids_body` (
  `id` int NOT NULL,
  `id_doc` int NOT NULL,
  `name_poo` text NOT NULL,
  `specialnost` text NOT NULL,
  `code_of_specialnost` text NOT NULL,
  `counts` json NOT NULL,
  `diagnoses` json NOT NULL
) ENGINE=InnoDB DEFAULT CHARSET=utf8mb4 COLLATE=utf8mb4_0900_ai_ci;

--
-- Дамп данных таблицы `invalids_body`
--

INSERT INTO `invalids_body` (`id`, `id_doc`, `name_poo`, `specialnost`, `code_of_specialnost`, `counts`, `diagnoses`) VALUES
(10, 2, '', '', '1', '{\"col5\": 0, \"col6\": 0, \"col7\": 0, \"col8\": 0, \"col9\": 0}', '{\"col11\": 0, \"col12\": 0, \"col13\": 0, \"col14\": 0, \"col15\": 0, \"col16\": 0, \"col17\": 0, \"col18\": 0, \"col19\": 0, \"col20\": 0, \"col21\": 0, \"col22\": 0, \"col23\": 0, \"col24\": 0, \"col25\": 0, \"col26\": 0, \"col27\": 0, \"col28\": 0}'),
(11, 8, '', '', '1', '{\"col5\": 0, \"col6\": 0, \"col7\": 0, \"col8\": 0, \"col9\": 0}', '{\"col11\": 0, \"col12\": 0, \"col13\": 0, \"col14\": 0, \"col15\": 0, \"col16\": 0, \"col17\": 0, \"col18\": 0, \"col19\": 0, \"col20\": 0, \"col21\": 0, \"col22\": 0, \"col23\": 0, \"col24\": 0, \"col25\": 0, \"col26\": 0, \"col27\": 0, \"col28\": 0}'),
(12, 8, '', '', '1', '{\"col5\": 0, \"col6\": 0, \"col7\": 0, \"col8\": 0, \"col9\": 0}', '{\"col11\": 0, \"col12\": 0, \"col13\": 0, \"col14\": 0, \"col15\": 0, \"col16\": 0, \"col17\": 0, \"col18\": 0, \"col19\": 0, \"col20\": 0, \"col21\": 0, \"col22\": 0, \"col23\": 0, \"col24\": 0, \"col25\": 0, \"col26\": 0, \"col27\": 0, \"col28\": 0}'),
(13, 9, '', '', '1', '{\"col5\": 0, \"col6\": 0, \"col7\": 0, \"col8\": 0, \"col9\": 0}', '{\"col11\": 0, \"col12\": 0, \"col13\": 0, \"col14\": 0, \"col15\": 0, \"col16\": 0, \"col17\": 0, \"col18\": 0, \"col19\": 0, \"col20\": 0, \"col21\": 0, \"col22\": 0, \"col23\": 0, \"col24\": 0, \"col25\": 0, \"col26\": 0, \"col27\": 0, \"col28\": 0}'),
(14, 10, 'fdfd', 'dfdf', '1', '{\"col5\": 0, \"col6\": 0, \"col7\": 0, \"col8\": 0, \"col9\": 0}', '{\"col11\": 0, \"col12\": 0, \"col13\": 0, \"col14\": 0, \"col15\": 0, \"col16\": 0, \"col17\": 0, \"col18\": 0, \"col19\": 0, \"col20\": 0, \"col21\": 0, \"col22\": 0, \"col23\": 0, \"col24\": 0, \"col25\": 0, \"col26\": 0, \"col27\": 0, \"col28\": 0}'),
(15, 10, 'dffd', 'fdfd', '1', '{\"col5\": 0, \"col6\": 0, \"col7\": 0, \"col8\": 0, \"col9\": 0}', '{\"col11\": 0, \"col12\": 0, \"col13\": 0, \"col14\": 0, \"col15\": 0, \"col16\": 0, \"col17\": 0, \"col18\": 0, \"col19\": 0, \"col20\": 0, \"col21\": 0, \"col22\": 0, \"col23\": 0, \"col24\": 0, \"col25\": 0, \"col26\": 0, \"col27\": 0, \"col28\": 0}'),
(53, 11, 'ГАПОУ \"Педагогический колледж\" г.Бугуруслана', '', '1', '{\"col5\": 0, \"col6\": 0, \"col7\": 0, \"col8\": 0, \"col9\": 0}', '{\"col11\": 0, \"col12\": 1, \"col13\": 2, \"col14\": 0, \"col15\": 0, \"col16\": 0, \"col17\": 0, \"col18\": 0, \"col19\": 0, \"col20\": 0, \"col21\": 0, \"col22\": 0, \"col23\": 0, \"col24\": 0, \"col25\": 0, \"col26\": 0, \"col27\": 0, \"col28\": 0}'),
(54, 11, '', '', '1', '{\"col5\": 0, \"col6\": 0, \"col7\": 0, \"col8\": 0, \"col9\": 0}', '{\"col11\": 0, \"col12\": 0, \"col13\": 0, \"col14\": 0, \"col15\": 0, \"col16\": 4, \"col17\": 0, \"col18\": 0, \"col19\": 0, \"col20\": 0, \"col21\": 0, \"col22\": 0, \"col23\": 0, \"col24\": 0, \"col25\": 0, \"col26\": 1, \"col27\": 0, \"col28\": 0}'),
(55, 11, '', '', '1', '{\"col5\": 0, \"col6\": 0, \"col7\": 0, \"col8\": 0, \"col9\": 0}', '{\"col11\": 0, \"col12\": 0, \"col13\": 0, \"col14\": 0, \"col15\": 0, \"col16\": 0, \"col17\": 0, \"col18\": 0, \"col19\": 0, \"col20\": 222, \"col21\": 0, \"col22\": 0, \"col23\": 0, \"col24\": 0, \"col25\": 0, \"col26\": 0, \"col27\": 0, \"col28\": 0}'),
(56, 15, 'ГАПОУ \"БНК\" Г. БУГУРУСЛАНА ОРЕНБУРГСКОЙ ОБЛАСТИ', '', '1', '{\"col5\": 1, \"col6\": 1, \"col7\": 1, \"col8\": 1, \"col9\": 1}', '{\"col11\": 313, \"col12\": 999, \"col13\": 141, \"col14\": 4, \"col15\": 14, \"col16\": 14, \"col17\": 14, \"col18\": 141, \"col19\": 4, \"col20\": 14, \"col21\": 14, \"col22\": 14, \"col23\": 14, \"col24\": 14, \"col25\": 14, \"col26\": 14, \"col27\": 14, \"col28\": 14}'),
(57, 16, 'ГАПОУ \"БНК\" Г. БУГУРУСЛАНА ОРЕНБУРГСКОЙ ОБЛАСТИ', '', '1', '{\"col5\": 1, \"col6\": 1, \"col7\": 1, \"col8\": 1, \"col9\": 1}', '{\"col11\": 313, \"col12\": 999, \"col13\": 141, \"col14\": 4, \"col15\": 14, \"col16\": 14, \"col17\": 14, \"col18\": 141, \"col19\": 4, \"col20\": 14, \"col21\": 14, \"col22\": 14, \"col23\": 14, \"col24\": 14, \"col25\": 14, \"col26\": 14, \"col27\": 14, \"col28\": 14}'),
(58, 17, 'ГАПОУ \"БНК\" Г. БУГУРУСЛАНА ОРЕНБУРГСКОЙ ОБЛАСТИ', '', '1', '{\"col5\": 1, \"col6\": 1, \"col7\": 1, \"col8\": 1, \"col9\": 1}', '{\"col11\": 313, \"col12\": 999, \"col13\": 141, \"col14\": 4, \"col15\": 14, \"col16\": 14, \"col17\": 14, \"col18\": 141, \"col19\": 4, \"col20\": 14, \"col21\": 14, \"col22\": 14, \"col23\": 14, \"col24\": 14, \"col25\": 14, \"col26\": 14, \"col27\": 14, \"col28\": 14}'),
(59, 17, 'ГАПОУ \"БНК\" Г. БУГУРУСЛАНА ОРЕНБУРГСКОЙ ОБЛАСТИ', '14', '14', '{\"col5\": 14, \"col6\": 14, \"col7\": 14, \"col8\": 14, \"col9\": 14}', '{\"col11\": 14, \"col12\": 41, \"col13\": 414, \"col14\": 154, \"col15\": 15, \"col16\": 15, \"col17\": 15, \"col18\": 15, \"col19\": 15, \"col20\": 154, \"col21\": 14, \"col22\": 14, \"col23\": 14, \"col24\": 14, \"col25\": 14, \"col26\": 14, \"col27\": 14, \"col28\": 14}'),
(60, 17, 'ГАПОУ \"БНК\" Г. БУГУРУСЛАНА ОРЕНБУРГСКОЙ ОБЛАСТИ', '', '1', '{\"col5\": 13, \"col6\": 999, \"col7\": 3, \"col8\": 13, \"col9\": 0}', '{\"col11\": 0, \"col12\": 0, \"col13\": 0, \"col14\": 0, \"col15\": 0, \"col16\": 0, \"col17\": 0, \"col18\": 0, \"col19\": 0, \"col20\": 0, \"col21\": 0, \"col22\": 0, \"col23\": 0, \"col24\": 0, \"col25\": 0, \"col26\": 0, \"col27\": 0, \"col28\": 0}'),
(64, 19, 'ГАПОУ \"БНК\" Г. БУГУРУСЛАНА ОРЕНБУРГСКОЙ ОБЛАСТИ', '', '1', '{\"col5\": 1, \"col6\": 1, \"col7\": 1, \"col8\": 1, \"col9\": 1}', '{\"col11\": 313, \"col12\": 999, \"col13\": 141, \"col14\": 4, \"col15\": 14, \"col16\": 14, \"col17\": 14, \"col18\": 141, \"col19\": 4, \"col20\": 14, \"col21\": 14, \"col22\": 14, \"col23\": 14, \"col24\": 14, \"col25\": 14, \"col26\": 14, \"col27\": 14, \"col28\": 14}'),
(65, 19, 'ГАПОУ \"БНК\" Г. БУГУРУСЛАНА ОРЕНБУРГСКОЙ ОБЛАСТИ', '14', '14', '{\"col5\": 14, \"col6\": 14, \"col7\": 14, \"col8\": 14, \"col9\": 14}', '{\"col11\": 14, \"col12\": 41, \"col13\": 414, \"col14\": 154, \"col15\": 15, \"col16\": 15, \"col17\": 15, \"col18\": 15, \"col19\": 15, \"col20\": 154, \"col21\": 14, \"col22\": 14, \"col23\": 14, \"col24\": 14, \"col25\": 14, \"col26\": 14, \"col27\": 14, \"col28\": 14}'),
(66, 19, 'ГАПОУ \"БНК\" Г. БУГУРУСЛАНА ОРЕНБУРГСКОЙ ОБЛАСТИ', '', '1', '{\"col5\": 13, \"col6\": 999, \"col7\": 3, \"col8\": 13, \"col9\": 0}', '{\"col11\": 0, \"col12\": 0, \"col13\": 0, \"col14\": 0, \"col15\": 0, \"col16\": 0, \"col17\": 0, \"col18\": 0, \"col19\": 0, \"col20\": 0, \"col21\": 0, \"col22\": 0, \"col23\": 0, \"col24\": 0, \"col25\": 0, \"col26\": 0, \"col27\": 0, \"col28\": 0}'),
(70, 21, 'ГАПОУ \"БНК\" Г. БУГУРУСЛАНА ОРЕНБУРГСКОЙ ОБЛАСТИ', '', '1', '{\"col5\": 0, \"col6\": 0, \"col7\": 0, \"col8\": 321, \"col9\": 0}', '{\"col11\": 0, \"col12\": 0, \"col13\": 0, \"col14\": 0, \"col15\": 0, \"col16\": 0, \"col17\": 0, \"col18\": 0, \"col19\": 0, \"col20\": 0, \"col21\": 0, \"col22\": 0, \"col23\": 0, \"col24\": 0, \"col25\": 0, \"col26\": 0, \"col27\": 0, \"col28\": 0}'),
(71, 21, 'ГАПОУ \"БНК\" Г. БУГУРУСЛАНА ОРЕНБУРГСКОЙ ОБЛАСТИ', '', '1', '{\"col5\": 0, \"col6\": 0, \"col7\": 0, \"col8\": 0, \"col9\": 0}', '{\"col11\": 0, \"col12\": 0, \"col13\": 0, \"col14\": 0, \"col15\": 0, \"col16\": 0, \"col17\": 0, \"col18\": 0, \"col19\": 0, \"col20\": 0, \"col21\": 0, \"col22\": 321, \"col23\": 0, \"col24\": 0, \"col25\": 0, \"col26\": 0, \"col27\": 0, \"col28\": 0}'),
(72, 22, 'ГАПОУ \"БНК\" Г. БУГУРУСЛАНА ОРЕНБУРГСКОЙ ОБЛАСТИ', '', '1', '{\"col5\": 999, \"col6\": 0, \"col7\": 0, \"col8\": 0, \"col9\": 0}', '{\"col11\": 0, \"col12\": 0, \"col13\": 0, \"col14\": 0, \"col15\": 0, \"col16\": 0, \"col17\": 0, \"col18\": 0, \"col19\": 0, \"col20\": 0, \"col21\": 0, \"col22\": 0, \"col23\": 0, \"col24\": 0, \"col25\": 0, \"col26\": 0, \"col27\": 0, \"col28\": 0}'),
(82, 18, 'ГАПОУ \"БНК\" Г. БУГУРУСЛАНА ОРЕНБУРГСКОЙ ОБЛАСТИ', '', '1', '{\"col5\": 1, \"col6\": 1, \"col7\": 1, \"col8\": 1, \"col9\": 1}', '{\"col11\": 313, \"col12\": 999, \"col13\": 141, \"col14\": 4, \"col15\": 14, \"col16\": 14, \"col17\": 14, \"col18\": 141, \"col19\": 4, \"col20\": 14, \"col21\": 14, \"col22\": 14, \"col23\": 123, \"col24\": 5, \"col25\": 14, \"col26\": 14, \"col27\": 14, \"col28\": 14}'),
(83, 18, 'ГАПОУ \"БНК\" Г. БУГУРУСЛАНА ОРЕНБУРГСКОЙ ОБЛАСТИ', '14', '14', '{\"col5\": 14, \"col6\": 14, \"col7\": 14, \"col8\": 14, \"col9\": 14}', '{\"col11\": 14, \"col12\": 41, \"col13\": 414, \"col14\": 154, \"col15\": 15, \"col16\": 15, \"col17\": 15, \"col18\": 15, \"col19\": 15, \"col20\": 154, \"col21\": 14, \"col22\": 14, \"col23\": 14, \"col24\": 14, \"col25\": 14, \"col26\": 14, \"col27\": 14, \"col28\": 14}'),
(84, 18, 'ГАПОУ \"БНК\" Г. БУГУРУСЛАНА ОРЕНБУРГСКОЙ ОБЛАСТИ', '', '1', '{\"col5\": 13, \"col6\": 999, \"col7\": 3, \"col8\": 13, \"col9\": 0}', '{\"col11\": 0, \"col12\": 0, \"col13\": 0, \"col14\": 0, \"col15\": 0, \"col16\": 0, \"col17\": 0, \"col18\": 2, \"col19\": 0, \"col20\": 33, \"col21\": 0, \"col22\": 0, \"col23\": 0, \"col24\": 0, \"col25\": 0, \"col26\": 0, \"col27\": 0, \"col28\": 0}'),
(85, 20, 'ГАПОУ \"БНК\" Г. БУГУРУСЛАНА ОРЕНБУРГСКОЙ ОБЛАСТИ', '', '1', '{\"col5\": 1, \"col6\": 1, \"col7\": 1, \"col8\": 1, \"col9\": 1}', '{\"col11\": 313, \"col12\": 999, \"col13\": 141, \"col14\": 4, \"col15\": 14, \"col16\": 14, \"col17\": 14, \"col18\": 141, \"col19\": 4, \"col20\": 14, \"col21\": 14, \"col22\": 14, \"col23\": 14, \"col24\": 14, \"col25\": 14, \"col26\": 14, \"col27\": 14, \"col28\": 14}'),
(86, 20, 'ГАПОУ \"БНК\" Г. БУГУРУСЛАНА ОРЕНБУРГСКОЙ ОБЛАСТИ', '14', '14', '{\"col5\": 14, \"col6\": 14, \"col7\": 14, \"col8\": 14, \"col9\": 14}', '{\"col11\": 14, \"col12\": 41, \"col13\": 414, \"col14\": 154, \"col15\": 15, \"col16\": 15, \"col17\": 15, \"col18\": 15, \"col19\": 15, \"col20\": 154, \"col21\": 14, \"col22\": 14, \"col23\": 14, \"col24\": 14, \"col25\": 14, \"col26\": 14, \"col27\": 14, \"col28\": 9}'),
(87, 20, 'ГАПОУ \"БНК\" Г. БУГУРУСЛАНА ОРЕНБУРГСКОЙ ОБЛАСТИ', '', '1', '{\"col5\": 13, \"col6\": 999, \"col7\": 3, \"col8\": 13, \"col9\": 0}', '{\"col11\": 0, \"col12\": 0, \"col13\": 0, \"col14\": 0, \"col15\": 0, \"col16\": 0, \"col17\": 0, \"col18\": 0, \"col19\": 0, \"col20\": 0, \"col21\": 0, \"col22\": 0, \"col23\": 0, \"col24\": 0, \"col25\": 0, \"col26\": 0, \"col27\": 0, \"col28\": 0}'),
(88, 20, 'ГАПОУ \"БНК\" Г. БУГУРУСЛАНА ОРЕНБУРГСКОЙ ОБЛАСТИ', '', '1', '{\"col5\": 0, \"col6\": 0, \"col7\": 0, \"col8\": 0, \"col9\": 0}', '{\"col11\": 0, \"col12\": 0, \"col13\": 0, \"col14\": 0, \"col15\": 0, \"col16\": 0, \"col17\": 0, \"col18\": 0, \"col19\": 0, \"col20\": 0, \"col21\": 0, \"col22\": 0, \"col23\": 0, \"col24\": 0, \"col25\": 0, \"col26\": 0, \"col27\": 7, \"col28\": 0}'),
(92, 23, 'Министерство Просвящения', 'Архитектура', '07.02.01', '{\"col5\": 1, \"col6\": 1, \"col7\": 3, \"col8\": 4, \"col9\": 1}', '{\"col11\": 0, \"col12\": 0, \"col13\": 0, \"col14\": 1, \"col15\": 0, \"col16\": 0, \"col17\": 3, \"col18\": 0, \"col19\": 0, \"col20\": 0, \"col21\": 1, \"col22\": 0, \"col23\": 0, \"col24\": 1, \"col25\": 0, \"col26\": 10, \"col27\": 0, \"col28\": 0}'),
(93, 23, 'Министерство Просвящения', 'Программирование в компьютерных системах', '09.02.03', '{\"col5\": 0, \"col6\": 1, \"col7\": 2, \"col8\": 3, \"col9\": 0}', '{\"col11\": 0, \"col12\": 1, \"col13\": 0, \"col14\": 0, \"col15\": 0, \"col16\": 0, \"col17\": 1, \"col18\": 0, \"col19\": 0, \"col20\": 0, \"col21\": 0, \"col22\": 1, \"col23\": 0, \"col24\": 0, \"col25\": 1, \"col26\": 0, \"col27\": 0, \"col28\": 2}'),
(94, 23, 'Министерство Просвящения', 'Машинист паровых турбин', '13.01.02', '{\"col5\": 1, \"col6\": 3, \"col7\": 0, \"col8\": 3, \"col9\": 0}', '{\"col11\": 1, \"col12\": 0, \"col13\": 0, \"col14\": 0, \"col15\": 2, \"col16\": 0, \"col17\": 0, \"col18\": 3, \"col19\": 0, \"col20\": 0, \"col21\": 0, \"col22\": 0, \"col23\": 0, \"col24\": 0, \"col25\": 0, \"col26\": 1, \"col27\": 0, \"col28\": 0}'),
(95, 23, 'Министерство Просвящения', 'Проверка', '05.01.03', '{\"col5\": 0, \"col6\": 0, \"col7\": 0, \"col8\": 0, \"col9\": 0}', '{\"col11\": 0, \"col12\": 0, \"col13\": 0, \"col14\": 0, \"col15\": 0, \"col16\": 0, \"col17\": 0, \"col18\": 0, \"col19\": 0, \"col20\": 0, \"col21\": 0, \"col22\": 0, \"col23\": 0, \"col24\": 0, \"col25\": 0, \"col26\": 0, \"col27\": 0, \"col28\": 0}');

-- --------------------------------------------------------

--
-- Структура таблицы `logs`
--

CREATE TABLE `logs` (
  `id` int NOT NULL,
  `action` text,
  `type` tinyint(1) DEFAULT NULL COMMENT '1 - admin / 0 - user',
  `user` int DEFAULT NULL COMMENT 'id user',
  `target` int DEFAULT NULL COMMENT 'target id',
  `dateCreate` timestamp NOT NULL DEFAULT CURRENT_TIMESTAMP
) ENGINE=InnoDB DEFAULT CHARSET=utf8mb4 COLLATE=utf8mb4_0900_ai_ci;

-- --------------------------------------------------------

--
-- Структура таблицы `obrazovanie`
--

CREATE TABLE `obrazovanie` (
  `id` int NOT NULL,
  `id_user` int NOT NULL,
  `dateCreate` timestamp NOT NULL DEFAULT CURRENT_TIMESTAMP,
  `timeLastEdit` text CHARACTER SET utf8mb4 COLLATE utf8mb4_0900_ai_ci NOT NULL,
  `disabled` tinyint(1) NOT NULL DEFAULT '0'
) ENGINE=InnoDB DEFAULT CHARSET=utf8mb4 COLLATE=utf8mb4_0900_ai_ci;

--
-- Дамп данных таблицы `obrazovanie`
--

INSERT INTO `obrazovanie` (`id`, `id_user`, `dateCreate`, `timeLastEdit`, `disabled`) VALUES
(1, 1, '2023-11-16 05:51:36', '14.05.2024 23:25:47', 1),
(8, 2, '2023-11-16 09:13:30', '16.11.2023 14:13:30', 1),
(9, 2, '2023-11-16 09:17:21', '16.11.2023 14:17:21', 1),
(10, 1, '2024-05-07 20:48:49', '07.05.2024 23:48:49', 1),
(11, 1, '2024-05-07 20:51:49', '07.05.2024 23:51:49', 1),
(12, 1, '2024-05-07 20:53:08', '07.05.2024 23:53:07', 1),
(13, 1, '2024-05-07 20:54:41', '07.05.2024 23:54:41', 1),
(14, 1, '2024-05-07 20:55:47', '07.05.2024 23:55:47', 1),
(15, 1, '2024-05-07 21:02:04', '08.05.2024 00:02:04', 1),
(16, 1, '2024-05-07 21:03:14', '08.05.2024 00:03:14', 1),
(17, 1, '2024-05-11 00:56:16', '11.05.2024 03:56:16', 1),
(18, 8, '2024-05-13 20:01:14', '13.05.2024 23:01:14', 1),
(19, 1, '2024-05-14 12:23:38', '14.05.2024 15:23:38', 1),
(20, 1, '2024-05-14 12:29:41', '14.05.2024 15:29:41', 1),
(21, 1, '2024-05-14 12:30:28', '14.05.2024 15:30:28', 1),
(22, 1, '2024-05-14 12:33:59', '14.05.2024 15:33:59', 1),
(23, 1, '2024-05-14 12:34:19', '14.05.2024 15:34:19', 1),
(24, 1, '2024-05-14 12:42:07', '14.05.2024 15:42:07', 1),
(25, 1, '2024-05-14 12:49:46', '14.05.2024 15:49:46', 1),
(26, 1, '2024-05-14 12:53:10', '14.05.2024 15:53:10', 1),
(27, 1, '2024-05-14 15:25:11', '14.05.2024 18:25:11', 1),
(28, 1, '2024-05-14 15:26:19', '14.05.2024 18:26:19', 1),
(29, 1, '2024-05-14 15:26:20', '14.05.2024 18:26:19', 1),
(30, 1, '2024-05-14 15:27:04', '14.05.2024 18:27:04', 1),
(31, 1, '2024-05-14 15:27:05', '14.05.2024 18:27:04', 1),
(32, 1, '2024-05-14 15:28:33', '14.05.2024 18:28:33', 1),
(33, 1, '2024-05-14 15:28:55', '14.05.2024 18:28:55', 1),
(34, 1, '2024-05-14 17:38:02', '14.05.2024 21:12:33', 1),
(35, 1, '2024-05-14 18:14:50', '14.05.2024 22:26:00', 1),
(36, 1, '2024-05-14 18:28:45', '14.05.2024 21:28:45', 1),
(37, 1, '2024-05-14 19:14:20', '14.05.2024 22:20:50', 1),
(38, 1, '2024-05-14 19:21:26', '14.05.2024 22:22:10', 1),
(39, 1, '2024-05-14 19:22:26', '14.05.2024 22:22:42', 1),
(40, 1, '2024-05-14 19:28:11', '14.05.2024 23:14:10', 1),
(41, 1, '2024-05-14 19:41:21', '14.05.2024 22:41:29', 1),
(42, 1, '2024-05-14 19:41:35', '14.05.2024 22:47:59', 1),
(43, 4, '2024-05-15 19:13:32', '15.05.2024 23:34:25', 0);

-- --------------------------------------------------------

--
-- Структура таблицы `obrazovanie_body`
--

CREATE TABLE `obrazovanie_body` (
  `id` int NOT NULL,
  `id_doc` int NOT NULL,
  `name_of_indicators` text CHARACTER SET utf8mb4 COLLATE utf8mb4_0900_ai_ci NOT NULL,
  `all_obr` int NOT NULL,
  `have_obr` json NOT NULL,
  `kval_cat` json NOT NULL,
  `full_zan` int NOT NULL
) ENGINE=InnoDB DEFAULT CHARSET=utf8mb4 COLLATE=utf8mb4_0900_ai_ci;

--
-- Дамп данных таблицы `obrazovanie_body`
--

INSERT INTO `obrazovanie_body` (`id`, `id_doc`, `name_of_indicators`, `all_obr`, `have_obr`, `kval_cat`, `full_zan`) VALUES
(2, 24, '', 2, '{\"col5\": 90, \"col6\": 846, \"col7\": 512, \"col8\": 612, \"col9\": 999, \"col10\": 65, \"col11\": 165, \"col12\": 999, \"col13\": 43, \"col14\": 999}', '{\"col15\": 15, \"col16\": 415, \"col17\": 321, \"col18\": 1}', 1),
(3, 24, '', 2, '{\"col5\": 90, \"col6\": 846, \"col7\": 512, \"col8\": 612, \"col9\": 999, \"col10\": 65, \"col11\": 165, \"col12\": 999, \"col13\": 43, \"col14\": 999}', '{\"col15\": 15, \"col16\": 415, \"col17\": 321, \"col18\": 1}', 99999),
(4, 32, 'ыфвыв213', 1, '{\"col5\": 999, \"col6\": 23, \"col7\": 999, \"col8\": 232, \"col9\": 32, \"col10\": 32, \"col11\": 3, \"col12\": 232, \"col13\": 3, \"col14\": 23}', '{\"col15\": 23, \"col16\": 23, \"col17\": 232, \"col18\": 3}', 99999),
(5, 32, '124м42мм', 2, '{\"col5\": 24, \"col6\": 242, \"col7\": 4, \"col8\": 24, \"col9\": 24, \"col10\": 24, \"col11\": 24, \"col12\": 999, \"col13\": 242, \"col14\": 999}', '{\"col15\": 42, \"col16\": 4, \"col17\": 24, \"col18\": 24}', 99999),
(6, 32, 'м23ап3а', 3, '{\"col5\": 3, \"col6\": 3, \"col7\": 3, \"col8\": 3, \"col9\": 33, \"col10\": 0, \"col11\": 999, \"col12\": 35, \"col13\": 999, \"col14\": 25}', '{\"col15\": 25, \"col16\": 25, \"col17\": 252, \"col18\": 52}', 99999),
(7, 32, 'п43п2й', 4, '{\"col5\": 4, \"col6\": 34, \"col7\": 999, \"col8\": 24, \"col9\": 0, \"col10\": 0, \"col11\": 0, \"col12\": 0, \"col13\": 0, \"col14\": 0}', '{\"col15\": 0, \"col16\": 0, \"col17\": 0, \"col18\": 0}', 99999),
(8, 33, '123', 1, '{\"col5\": 23, \"col6\": 23, \"col7\": 23, \"col8\": 0, \"col9\": 0, \"col10\": 0, \"col11\": 0, \"col12\": 0, \"col13\": 0, \"col14\": 0}', '{\"col15\": 0, \"col16\": 0, \"col17\": 0, \"col18\": 0}', 99999),
(11, 34, 'фывфыв', 1, '{\"col5\": 51, \"col6\": 1, \"col7\": 2, \"col8\": 1, \"col9\": 1, \"col10\": 42, \"col11\": 4, \"col12\": 24, \"col13\": 0, \"col14\": 0}', '{\"col15\": 0, \"col16\": 0, \"col17\": 0, \"col18\": 0}', 99999),
(17, 36, '', 1, '{\"col5\": 1998, \"col6\": 0, \"col7\": 0, \"col8\": 999, \"col9\": 999, \"col10\": 0, \"col11\": 0, \"col12\": 0, \"col13\": 0, \"col14\": 0}', '{\"col15\": 0, \"col16\": 0, \"col17\": 0, \"col18\": 0}', 99999),
(54, 37, '', 1, '{\"col5\": 13, \"col6\": 1, \"col7\": 1, \"col8\": 1, \"col9\": 1, \"col10\": 2, \"col11\": 3, \"col12\": 4, \"col13\": 5, \"col14\": 6}', '{\"col15\": 7, \"col16\": 8, \"col17\": 9, \"col18\": 10}', 99999),
(55, 37, '', 2, '{\"col5\": 0, \"col6\": 0, \"col7\": 0, \"col8\": 0, \"col9\": 0, \"col10\": 0, \"col11\": 0, \"col12\": 0, \"col13\": 0, \"col14\": 0}', '{\"col15\": 0, \"col16\": 0, \"col17\": 0, \"col18\": 0}', 99999),
(56, 37, '', 3, '{\"col5\": 0, \"col6\": 0, \"col7\": 0, \"col8\": 0, \"col9\": 0, \"col10\": 0, \"col11\": 0, \"col12\": 0, \"col13\": 0, \"col14\": 0}', '{\"col15\": 0, \"col16\": 0, \"col17\": 123, \"col18\": 0}', 99999),
(57, 37, '', 4, '{\"col5\": 0, \"col6\": 0, \"col7\": 0, \"col8\": 0, \"col9\": 0, \"col10\": 0, \"col11\": 0, \"col12\": 0, \"col13\": 0, \"col14\": 0}', '{\"col15\": 0, \"col16\": 0, \"col17\": 0, \"col18\": 123}', 99999),
(58, 37, '', 5, '{\"col5\": 0, \"col6\": 0, \"col7\": 0, \"col8\": 0, \"col9\": 0, \"col10\": 0, \"col11\": 0, \"col12\": 0, \"col13\": 0, \"col14\": 0}', '{\"col15\": 0, \"col16\": 0, \"col17\": 0, \"col18\": 321}', 99999),
(62, 38, '', 1, '{\"col5\": 0, \"col6\": 0, \"col7\": 0, \"col8\": 0, \"col9\": 0, \"col10\": 0, \"col11\": 0, \"col12\": 0, \"col13\": 0, \"col14\": 0}', '{\"col15\": 0, \"col16\": 0, \"col17\": 123, \"col18\": 1}', 99999),
(64, 39, '', 1, '{\"col5\": 0, \"col6\": 0, \"col7\": 0, \"col8\": 0, \"col9\": 0, \"col10\": 0, \"col11\": 0, \"col12\": 0, \"col13\": 0, \"col14\": 0}', '{\"col15\": 0, \"col16\": 0, \"col17\": 55, \"col18\": 0}', 99999),
(68, 35, '', 1, '{\"col5\": 7, \"col6\": 1, \"col7\": 1, \"col8\": 1, \"col9\": 1, \"col10\": 1, \"col11\": 1, \"col12\": 1, \"col13\": 1, \"col14\": 0}', '{\"col15\": 0, \"col16\": 0, \"col17\": 4, \"col18\": 123}', 99999),
(145, 41, 'asdsad', 1, '{\"col5\": 7, \"col6\": 1, \"col7\": 1, \"col8\": 1, \"col9\": 1, \"col10\": 1, \"col11\": 1, \"col12\": 1, \"col13\": 1, \"col14\": 1}', '{\"col15\": 1, \"col16\": 1, \"col17\": 1, \"col18\": 55}', 99999),
(146, 41, '312as', 2, '{\"col5\": 16, \"col6\": 1, \"col7\": 1, \"col8\": 1, \"col9\": 10, \"col10\": 1, \"col11\": 1, \"col12\": 1, \"col13\": 1, \"col14\": 10}', '{\"col15\": 10, \"col16\": 1, \"col17\": 10, \"col18\": 123}', 99999),
(149, 42, 'asdasd', 1, '{\"col5\": 1, \"col6\": 1, \"col7\": 1, \"col8\": 1, \"col9\": 1, \"col10\": 1, \"col11\": 1, \"col12\": 1, \"col13\": 1, \"col14\": 1}', '{\"col15\": 1, \"col16\": 33, \"col17\": 213}', 99999),
(160, 40, 'samolet', 1, '{\"col5\": 28, \"col6\": 11, \"col7\": 2, \"col8\": 22, \"col9\": 4, \"col10\": 5, \"col11\": 222, \"col12\": 7, \"col13\": 9, \"col14\": 10}', '{\"col15\": 11, \"col16\": 12, \"col17\": 13}', 99999),
(161, 40, 'тест', 2, '{\"col5\": 0, \"col6\": 0, \"col7\": 0, \"col8\": 0, \"col9\": 0, \"col10\": 0, \"col11\": 0, \"col12\": 0, \"col13\": 0, \"col14\": 0}', '{\"col15\": 0, \"col16\": 0, \"col17\": 0}', 99999),
(162, 1, '', 1, '{\"col5\": 0, \"col6\": 0, \"col7\": 0, \"col8\": 0, \"col9\": 0, \"col10\": 0, \"col11\": 0, \"col12\": 0, \"col13\": 0, \"col14\": 0}', '{\"col15\": 0, \"col16\": 0, \"col17\": 2}', 99999),
(163, 1, '', 2, '{\"col5\": 0, \"col6\": 0, \"col7\": 0, \"col8\": 0, \"col9\": 0, \"col10\": 0, \"col11\": 0, \"col12\": 0, \"col13\": 0, \"col14\": 0}', '{\"col15\": 0, \"col16\": 0, \"col17\": 0}', 99999),
(164, 1, '', 3, '{\"col5\": 0, \"col6\": 0, \"col7\": 0, \"col8\": 0, \"col9\": 0, \"col10\": 0, \"col11\": 0, \"col12\": 0, \"col13\": 0, \"col14\": 0}', '{\"col15\": 0, \"col16\": 0, \"col17\": 0}', 99999),
(187, 43, 'Численность работников - всего (сумма строк 02, 06, 21, 22)', 1, '{\"col5\": 1, \"col6\": 0, \"col7\": 0, \"col8\": 0, \"col9\": 0, \"col10\": 0, \"col11\": 0, \"col12\": 0, \"col13\": 0, \"col14\": 0}', '{\"col15\": 0, \"col16\": 0, \"col17\": 0}', 99999),
(188, 43, 'в том числе: руководящие работники - всего', 2, '{\"col5\": 2, \"col6\": 2, \"col7\": 2, \"col8\": 2, \"col9\": 2, \"col10\": 2, \"col11\": 2, \"col12\": 2, \"col13\": 2, \"col14\": 1}', '{\"col15\": 1, \"col16\": 1, \"col17\": 1}', 99999),
(189, 43, 'из них: директор (начальник)', 3, '{\"col5\": 0, \"col6\": 0, \"col7\": 0, \"col8\": 0, \"col9\": 0, \"col10\": 0, \"col11\": 0, \"col12\": 0, \"col13\": 0, \"col14\": 0}', '{\"col15\": 0, \"col16\": 0, \"col17\": 0}', 99999),
(190, 43, 'из них: заместители директора (начальника)', 4, '{\"col5\": 0, \"col6\": 0, \"col7\": 0, \"col8\": 0, \"col9\": 0, \"col10\": 0, \"col11\": 0, \"col12\": 0, \"col13\": 0, \"col14\": 0}', '{\"col15\": 0, \"col16\": 0, \"col17\": 0}', 99999),
(191, 43, 'из них: руководитель филиала', 5, '{\"col5\": 0, \"col6\": 0, \"col7\": 0, \"col8\": 0, \"col9\": 0, \"col10\": 0, \"col11\": 0, \"col12\": 0, \"col13\": 0, \"col14\": 0}', '{\"col15\": 0, \"col16\": 0, \"col17\": 0}', 99999),
(192, 43, 'в том числе: педагогические работники - всего (сумма строк 07,12-20)', 6, '{\"col5\": 0, \"col6\": 0, \"col7\": 0, \"col8\": 0, \"col9\": 0, \"col10\": 0, \"col11\": 0, \"col12\": 0, \"col13\": 0, \"col14\": 0}', '{\"col15\": 0, \"col16\": 0, \"col17\": 0}', 99999),
(193, 43, 'в том числе: преподаватели - всего (сумма строк 8-11)', 7, '{\"col5\": 0, \"col6\": 0, \"col7\": 0, \"col8\": 0, \"col9\": 0, \"col10\": 0, \"col11\": 0, \"col12\": 0, \"col13\": 0, \"col14\": 0}', '{\"col15\": 0, \"col16\": 0, \"col17\": 0}', 99999),
(194, 43, 'из них: общеобразовательных дисциплин', 8, '{\"col5\": 0, \"col6\": 0, \"col7\": 0, \"col8\": 0, \"col9\": 0, \"col10\": 0, \"col11\": 0, \"col12\": 0, \"col13\": 0, \"col14\": 0}', '{\"col15\": 0, \"col16\": 0, \"col17\": 0}', 99999),
(195, 43, 'из них: общего гуманитарного и социально-экономического учебного цикла', 9, '{\"col5\": 0, \"col6\": 0, \"col7\": 0, \"col8\": 0, \"col9\": 0, \"col10\": 0, \"col11\": 0, \"col12\": 0, \"col13\": 0, \"col14\": 0}', '{\"col15\": 0, \"col16\": 0, \"col17\": 0}', 99999),
(196, 43, 'из них: математического и общего естественнонаучного учебного цикла', 10, '{\"col5\": 0, \"col6\": 0, \"col7\": 0, \"col8\": 0, \"col9\": 0, \"col10\": 0, \"col11\": 0, \"col12\": 0, \"col13\": 0, \"col14\": 0}', '{\"col15\": 0, \"col16\": 0, \"col17\": 0}', 99999),
(197, 43, 'из них: профессионального учебного цикла', 11, '{\"col5\": 0, \"col6\": 0, \"col7\": 0, \"col8\": 0, \"col9\": 0, \"col10\": 0, \"col11\": 0, \"col12\": 0, \"col13\": 0, \"col14\": 0}', '{\"col15\": 0, \"col16\": 0, \"col17\": 0}', 99999),
(198, 43, 'в том числе: мастера производственного обучения', 12, '{\"col5\": 0, \"col6\": 0, \"col7\": 0, \"col8\": 0, \"col9\": 0, \"col10\": 0, \"col11\": 0, \"col12\": 0, \"col13\": 0, \"col14\": 0}', '{\"col15\": 0, \"col16\": 0, \"col17\": 0}', 99999),
(199, 43, 'в том числе: социальные педагоги', 13, '{\"col5\": 0, \"col6\": 0, \"col7\": 0, \"col8\": 0, \"col9\": 0, \"col10\": 0, \"col11\": 0, \"col12\": 0, \"col13\": 0, \"col14\": 0}', '{\"col15\": 0, \"col16\": 0, \"col17\": 0}', 99999),
(200, 43, 'в том числе: педагоги-психологи', 14, '{\"col5\": 0, \"col6\": 0, \"col7\": 0, \"col8\": 0, \"col9\": 0, \"col10\": 0, \"col11\": 0, \"col12\": 0, \"col13\": 0, \"col14\": 0}', '{\"col15\": 0, \"col16\": 0, \"col17\": 0}', 99999),
(201, 43, 'в том числе: педагоги-организаторы', 15, '{\"col5\": 0, \"col6\": 0, \"col7\": 0, \"col8\": 0, \"col9\": 0, \"col10\": 0, \"col11\": 0, \"col12\": 0, \"col13\": 0, \"col14\": 0}', '{\"col15\": 0, \"col16\": 0, \"col17\": 0}', 99999),
(202, 43, 'в том числе: преподаватели-организаторы (основ безопасности жизнедеятельности, допризывной подготовки)', 16, '{\"col5\": 0, \"col6\": 0, \"col7\": 0, \"col8\": 0, \"col9\": 0, \"col10\": 0, \"col11\": 0, \"col12\": 0, \"col13\": 0, \"col14\": 0}', '{\"col15\": 0, \"col16\": 0, \"col17\": 0}', 99999),
(203, 43, 'в том числе: руководители физического воспитания', 17, '{\"col5\": 0, \"col6\": 0, \"col7\": 0, \"col8\": 0, \"col9\": 0, \"col10\": 0, \"col11\": 0, \"col12\": 0, \"col13\": 0, \"col14\": 0}', '{\"col15\": 0, \"col16\": 0, \"col17\": 0}', 99999),
(204, 43, 'в том числе: методисты', 18, '{\"col5\": 0, \"col6\": 0, \"col7\": 0, \"col8\": 0, \"col9\": 0, \"col10\": 0, \"col11\": 0, \"col12\": 0, \"col13\": 0, \"col14\": 0}', '{\"col15\": 0, \"col16\": 0, \"col17\": 0}', 99999),
(205, 43, 'в том числе: тьюторы', 19, '{\"col5\": 0, \"col6\": 0, \"col7\": 0, \"col8\": 0, \"col9\": 0, \"col10\": 0, \"col11\": 0, \"col12\": 0, \"col13\": 0, \"col14\": 0}', '{\"col15\": 0, \"col16\": 0, \"col17\": 0}', 99999),
(206, 43, 'в том числе: прочие', 20, '{\"col5\": 0, \"col6\": 0, \"col7\": 0, \"col8\": 0, \"col9\": 0, \"col10\": 0, \"col11\": 0, \"col12\": 0, \"col13\": 0, \"col14\": 0}', '{\"col15\": 0, \"col16\": 0, \"col17\": 0}', 99999),
(207, 43, 'в том числе: учебно-вспомогательный персонал', 21, '{\"col5\": 0, \"col6\": 0, \"col7\": 0, \"col8\": 0, \"col9\": 0, \"col10\": 0, \"col11\": 0, \"col12\": 0, \"col13\": 0, \"col14\": 0}', '{\"col15\": 0, \"col16\": 0, \"col17\": 0}', 99999),
(208, 43, 'в том числе: обслуживающий персонал', 22, '{\"col5\": 0, \"col6\": 0, \"col7\": 0, \"col8\": 0, \"col9\": 0, \"col10\": 0, \"col11\": 0, \"col12\": 0, \"col13\": 0, \"col14\": 0}', '{\"col15\": 0, \"col16\": 0, \"col17\": 0}', 99999);

-- --------------------------------------------------------

--
-- Структура таблицы `orgazizations`
--

CREATE TABLE `orgazizations` (
  `id` int NOT NULL,
  `title` text NOT NULL,
  `inn` text NOT NULL,
  `kpp` text NOT NULL,
  `ogrn` text NOT NULL,
  `ur_address` text NOT NULL,
  `administrator_org` int NOT NULL,
  `id_city` int DEFAULT NULL
) ENGINE=InnoDB DEFAULT CHARSET=utf8mb4 COLLATE=utf8mb4_0900_ai_ci;

--
-- Дамп данных таблицы `orgazizations`
--

INSERT INTO `orgazizations` (`id`, `title`, `inn`, `kpp`, `ogrn`, `ur_address`, `administrator_org`, `id_city`) VALUES
(-2, 'Отсутствует', '0', '0', '0', '', 1, 0),
(-1, 'Не выбрано', '0', '0', '0', '', 1, 0),
(1, 'ГАПОУ \"БНК\" Г. БУГУРУСЛАНА ОРЕНБУРГСКОЙ ОБЛАСТИ', '5602001385', '560201001', '1025600544408', '461636, Оренбургская Область, г.о. Город Бугуруслан, г Бугуруслан, ул Челюскина, зд. 41', 1, 1434),
(2, 'ГБПОУ ВО \"БСХТ\"', '5602001755', '560201001', '1025600543847', '461630, Оренбургская Область, г.о. Город Бугуруслан, г Бугуруслан, ул Московская, зд. 56', 2, 1434),
(3, 'МОСКОВСКИЙ ГОСУДАРСТВЕННЫЙ УНИВЕРСИТЕТ ИМЕНИ М.В.ЛОМОНОСОВА', '7729082090', '772901001', '1037700258694', '119234, г. Москва, вн.тер.г. Муниципальный Округ Раменки, тер Ленинские Горы, д. 1', 3, 1);

-- --------------------------------------------------------

--
-- Структура таблицы `regions`
--

CREATE TABLE `regions` (
  `id` int NOT NULL,
  `text` text NOT NULL
) ENGINE=InnoDB DEFAULT CHARSET=utf8mb4 COLLATE=utf8mb4_0900_ai_ci;

--
-- Дамп данных таблицы `regions`
--

INSERT INTO `regions` (`id`, `text`) VALUES
(-1, 'Не выбрано'),
(1, 'Москва и Московская обл.'),
(2, 'Санкт-Петербург и область'),
(4, 'Алтайский край'),
(5, 'Амурская обл.'),
(6, 'Архангельская обл.'),
(7, 'Астраханская обл.'),
(8, 'Башкортостан(Башкирия)'),
(9, 'Белгородская обл.'),
(10, 'Брянская обл.'),
(11, 'Бурятия'),
(12, 'Владимирская обл.'),
(13, 'Волгоградская обл.'),
(14, 'Вологодская обл.'),
(15, 'Воронежская обл.'),
(16, 'Дагестан'),
(18, 'Ивановская обл.'),
(19, 'Иркутская обл.'),
(20, 'Кабардино-Балкария'),
(21, 'Калининградская обл.'),
(22, 'Калмыкия'),
(23, 'Калужская обл.'),
(24, 'Камчатская обл.'),
(26, 'Кемеровская обл.'),
(27, 'Кировская обл.'),
(28, 'Коми'),
(29, 'Костромская обл.'),
(30, 'Краснодарский край'),
(31, 'Красноярский край'),
(32, 'Курганская обл.'),
(33, 'Курская обл.'),
(34, 'Липецкая обл.'),
(35, 'Магаданская обл.'),
(36, 'Марий Эл'),
(37, 'Мордовия'),
(38, 'Мурманская обл.'),
(40, 'Новгородская обл.'),
(41, 'Новосибирская обл.'),
(42, 'Омская обл.'),
(43, 'Оренбургская обл.'),
(44, 'Орловская обл.'),
(45, 'Пензенская обл.'),
(46, 'Пермская обл.'),
(47, 'Приморский край'),
(48, 'Псковская обл.'),
(49, 'Ростовская обл.'),
(50, 'Рязанская обл.'),
(51, 'Самарская обл.'),
(52, 'Саратовская обл.'),
(53, 'Саха (Якутия)'),
(54, 'Сахалин'),
(55, 'Свердловская обл.'),
(56, 'Северная Осетия'),
(57, 'Смоленская обл.'),
(58, 'Ставропольский край'),
(59, 'Тамбовская обл.'),
(60, 'Татарстан'),
(61, 'Тверская обл.'),
(62, 'Томская обл.'),
(63, 'Тува (Тувинская Респ.)'),
(64, 'Тульская обл.'),
(65, 'Тюменская обл.'),
(66, 'Удмуртия'),
(67, 'Ульяновская обл.'),
(68, 'Уральская обл.'),
(69, 'Хабаровский край'),
(71, 'Ханты-Мансийский АО'),
(72, 'Челябинская обл.'),
(73, 'Чечено-Ингушетия'),
(74, 'Читинская обл.'),
(75, 'Чувашия'),
(76, 'Чукотский АО'),
(77, 'Ямало-Ненецкий АО'),
(78, 'Ярославская обл.');

-- --------------------------------------------------------

--
-- Структура таблицы `users`
--

CREATE TABLE `users` (
  `id` int NOT NULL COMMENT 'unique id',
  `email` text CHARACTER SET utf8mb4 COLLATE utf8mb4_0900_ai_ci,
  `login` text CHARACTER SET utf8mb4 COLLATE utf8mb4_0900_ai_ci NOT NULL COMMENT 'login ',
  `password` text CHARACTER SET utf8mb4 COLLATE utf8mb4_0900_ai_ci NOT NULL COMMENT 'pwd sha256\r\n',
  `admin_lvl` int NOT NULL DEFAULT '0' COMMENT '0 - eo, 1 - admin',
  `darktheme` tinyint(1) NOT NULL DEFAULT '0',
  `complectName` text NOT NULL COMMENT 'for admin - complect name, for eo - title organization',
  `authkey` text NOT NULL,
  `dateCreate` timestamp NOT NULL DEFAULT CURRENT_TIMESTAMP,
  `id_org` int DEFAULT NULL,
  `verify` tinyint(1) NOT NULL DEFAULT '0',
  `id_city` int DEFAULT '1',
  `disabled` tinyint(1) NOT NULL DEFAULT '0'
) ENGINE=InnoDB DEFAULT CHARSET=utf8mb4 COLLATE=utf8mb4_0900_ai_ci;

--
-- Дамп данных таблицы `users`
--

INSERT INTO `users` (`id`, `email`, `login`, `password`, `admin_lvl`, `darktheme`, `complectName`, `authkey`, `dateCreate`, `id_org`, `verify`, `id_city`, `disabled`) VALUES
(1, '', 'dmitriy_smir1_2_3@mail.ru', '8c6976e5b5410415bde908bd4dee15dfb167a9c873fc4bb8a81f6f2ab448a918', 1, 0, 'Министерство Просвящения', 'ef97o3vhbfb-q5whda2i55-0n1113aymdbm-1;', '2023-11-09 13:49:21', 1, 1, 1434, 0),
(2, '', 'admin@mail.ru', '8c6976e5b5410415bde908bd4dee15dfb167a9c873fc4bb8a81f6f2ab448a918', 1, 0, 'Министерство Просвящения', 'cqeg2l861fh-s3xaxw0y42-ouvppiaz01f-2;', '2023-11-11 22:12:38', 1, 1, 1434, 0),
(3, '123', 'user@mail.ru', '8c6976e5b5410415bde908bd4dee15dfb167a9c873fc4bb8a81f6f2ab448a918', 0, 0, 'ГАПОУ \"БНК\" Г. БУГУРУСЛАНА ОРЕНБУРГСКОЙ ОБЛАСТИ', '4rezerpimwi-e4v5dadazk-l7x47io9mpr-3;', '2023-11-13 04:14:48', 1, 1, 1434, 0),
(4, 'ne_znau.com', 'CrazyCuts@mail.ru', '8c6976e5b5410415bde908bd4dee15dfb167a9c873fc4bb8a81f6f2ab448a918', 0, 0, 'ГАПОУ \"БСХТ\"', 'oagsiitpfd-w4vqdt5xfu-zq8zafetc9-4;', '2024-04-13 10:14:55', 1, 0, 1434, 0),
(6, NULL, 'luciano_aventador@mail.ru', '8c6976e5b5410415bde908bd4dee15dfb167a9c873fc4bb8a81f6f2ab448a918', 0, 0, 'ГАПОУ \"Педагогический колледж\"', 'a665a45920422f9d417e4867efdc4fb8a04a1f3fff1fa07e998e86f7f7a27ae3', '2024-05-13 15:11:01', -1, 0, 1434, 0),
(9, NULL, 'samolet@mail.ru', '8c6976e5b5410415bde908bd4dee15dfb167a9c873fc4bb8a81f6f2ab448a918', 0, 0, 'samolet', '96cae35ce8a9b0244178bf28e4966c2ce1b8385723a96a6b838858cdd6ca0a1e', '2024-05-15 19:10:12', -1, 0, 1434, 0);

--
-- Индексы сохранённых таблиц
--

--
-- Индексы таблицы `cities`
--
ALTER TABLE `cities`
  ADD PRIMARY KEY (`id`),
  ADD KEY `id_region` (`id_region`);

--
-- Индексы таблицы `contingent_body`
--
ALTER TABLE `contingent_body`
  ADD PRIMARY KEY (`id`);

--
-- Индексы таблицы `employee_work_exp`
--
ALTER TABLE `employee_work_exp`
  ADD PRIMARY KEY (`id`),
  ADD KEY `id_user` (`id_user`);

--
-- Индексы таблицы `employee_work_exp_body`
--
ALTER TABLE `employee_work_exp_body`
  ADD PRIMARY KEY (`id`),
  ADD KEY `id_doc` (`id_doc`);

--
-- Индексы таблицы `enrollment`
--
ALTER TABLE `enrollment`
  ADD PRIMARY KEY (`id`),
  ADD KEY `enrollment_ibfk_3` (`id_user`);

--
-- Индексы таблицы `enrollment_body`
--
ALTER TABLE `enrollment_body`
  ADD PRIMARY KEY (`id`),
  ADD KEY `enrollment_body_ibfk_1` (`id_doc`);

--
-- Индексы таблицы `invalids`
--
ALTER TABLE `invalids`
  ADD PRIMARY KEY (`id`),
  ADD KEY `id_user` (`id_user`);

--
-- Индексы таблицы `invalids_body`
--
ALTER TABLE `invalids_body`
  ADD PRIMARY KEY (`id`),
  ADD KEY `id_doc` (`id_doc`);

--
-- Индексы таблицы `logs`
--
ALTER TABLE `logs`
  ADD PRIMARY KEY (`id`);

--
-- Индексы таблицы `obrazovanie`
--
ALTER TABLE `obrazovanie`
  ADD PRIMARY KEY (`id`);

--
-- Индексы таблицы `obrazovanie_body`
--
ALTER TABLE `obrazovanie_body`
  ADD PRIMARY KEY (`id`);

--
-- Индексы таблицы `orgazizations`
--
ALTER TABLE `orgazizations`
  ADD PRIMARY KEY (`id`),
  ADD KEY `orgazizations_ibfk_1` (`administrator_org`),
  ADD KEY `id_city` (`id_city`);

--
-- Индексы таблицы `regions`
--
ALTER TABLE `regions`
  ADD PRIMARY KEY (`id`);

--
-- Индексы таблицы `users`
--
ALTER TABLE `users`
  ADD PRIMARY KEY (`id`),
  ADD KEY `id_org` (`id_org`);

--
-- AUTO_INCREMENT для сохранённых таблиц
--

--
-- AUTO_INCREMENT для таблицы `cities`
--
ALTER TABLE `cities`
  MODIFY `id` int NOT NULL AUTO_INCREMENT, AUTO_INCREMENT=2511;

--
-- AUTO_INCREMENT для таблицы `contingent_body`
--
ALTER TABLE `contingent_body`
  MODIFY `id` int NOT NULL AUTO_INCREMENT;

--
-- AUTO_INCREMENT для таблицы `employee_work_exp`
--
ALTER TABLE `employee_work_exp`
  MODIFY `id` int NOT NULL AUTO_INCREMENT, AUTO_INCREMENT=22;

--
-- AUTO_INCREMENT для таблицы `employee_work_exp_body`
--
ALTER TABLE `employee_work_exp_body`
  MODIFY `id` int NOT NULL AUTO_INCREMENT, AUTO_INCREMENT=407;

--
-- AUTO_INCREMENT для таблицы `enrollment`
--
ALTER TABLE `enrollment`
  MODIFY `id` int NOT NULL AUTO_INCREMENT, AUTO_INCREMENT=5;

--
-- AUTO_INCREMENT для таблицы `enrollment_body`
--
ALTER TABLE `enrollment_body`
  MODIFY `id` int NOT NULL AUTO_INCREMENT, AUTO_INCREMENT=3;

--
-- AUTO_INCREMENT для таблицы `invalids`
--
ALTER TABLE `invalids`
  MODIFY `id` int NOT NULL AUTO_INCREMENT, AUTO_INCREMENT=24;

--
-- AUTO_INCREMENT для таблицы `invalids_body`
--
ALTER TABLE `invalids_body`
  MODIFY `id` int NOT NULL AUTO_INCREMENT, AUTO_INCREMENT=96;

--
-- AUTO_INCREMENT для таблицы `logs`
--
ALTER TABLE `logs`
  MODIFY `id` int NOT NULL AUTO_INCREMENT;

--
-- AUTO_INCREMENT для таблицы `obrazovanie`
--
ALTER TABLE `obrazovanie`
  MODIFY `id` int NOT NULL AUTO_INCREMENT, AUTO_INCREMENT=44;

--
-- AUTO_INCREMENT для таблицы `obrazovanie_body`
--
ALTER TABLE `obrazovanie_body`
  MODIFY `id` int NOT NULL AUTO_INCREMENT, AUTO_INCREMENT=209;

--
-- AUTO_INCREMENT для таблицы `orgazizations`
--
ALTER TABLE `orgazizations`
  MODIFY `id` int NOT NULL AUTO_INCREMENT, AUTO_INCREMENT=6;

--
-- AUTO_INCREMENT для таблицы `regions`
--
ALTER TABLE `regions`
  MODIFY `id` int NOT NULL AUTO_INCREMENT, AUTO_INCREMENT=90;

--
-- AUTO_INCREMENT для таблицы `users`
--
ALTER TABLE `users`
  MODIFY `id` int NOT NULL AUTO_INCREMENT COMMENT 'unique id', AUTO_INCREMENT=10;

--
-- Ограничения внешнего ключа сохраненных таблиц
--

--
-- Ограничения внешнего ключа таблицы `cities`
--
ALTER TABLE `cities`
  ADD CONSTRAINT `cities_ibfk_1` FOREIGN KEY (`id_region`) REFERENCES `regions` (`id`) ON DELETE CASCADE ON UPDATE CASCADE;

--
-- Ограничения внешнего ключа таблицы `employee_work_exp`
--
ALTER TABLE `employee_work_exp`
  ADD CONSTRAINT `employee_work_exp_ibfk_3` FOREIGN KEY (`id_user`) REFERENCES `users` (`id`) ON DELETE CASCADE ON UPDATE CASCADE;

--
-- Ограничения внешнего ключа таблицы `employee_work_exp_body`
--
ALTER TABLE `employee_work_exp_body`
  ADD CONSTRAINT `employee_work_exp_body_ibfk_1` FOREIGN KEY (`id_doc`) REFERENCES `employee_work_exp` (`id`) ON DELETE CASCADE ON UPDATE CASCADE;

--
-- Ограничения внешнего ключа таблицы `enrollment`
--
ALTER TABLE `enrollment`
  ADD CONSTRAINT `enrollment_ibfk_3` FOREIGN KEY (`id_user`) REFERENCES `users` (`id`) ON DELETE CASCADE ON UPDATE CASCADE;

--
-- Ограничения внешнего ключа таблицы `enrollment_body`
--
ALTER TABLE `enrollment_body`
  ADD CONSTRAINT `enrollment_body_ibfk_1` FOREIGN KEY (`id_doc`) REFERENCES `enrollment` (`id`) ON DELETE CASCADE ON UPDATE CASCADE;

--
-- Ограничения внешнего ключа таблицы `invalids`
--
ALTER TABLE `invalids`
  ADD CONSTRAINT `invalids_ibfk_1` FOREIGN KEY (`id_user`) REFERENCES `users` (`id`) ON DELETE CASCADE ON UPDATE CASCADE;

--
-- Ограничения внешнего ключа таблицы `invalids_body`
--
ALTER TABLE `invalids_body`
  ADD CONSTRAINT `invalids_body_ibfk_1` FOREIGN KEY (`id_doc`) REFERENCES `invalids` (`id`) ON DELETE CASCADE ON UPDATE CASCADE;

--
-- Ограничения внешнего ключа таблицы `orgazizations`
--
ALTER TABLE `orgazizations`
  ADD CONSTRAINT `orgazizations_ibfk_1` FOREIGN KEY (`administrator_org`) REFERENCES `users` (`id`) ON DELETE RESTRICT ON UPDATE RESTRICT;

--
-- Ограничения внешнего ключа таблицы `users`
--
ALTER TABLE `users`
  ADD CONSTRAINT `users_ibfk_1` FOREIGN KEY (`id_org`) REFERENCES `orgazizations` (`id`) ON DELETE RESTRICT ON UPDATE RESTRICT;
COMMIT;

/*!40101 SET CHARACTER_SET_CLIENT=@OLD_CHARACTER_SET_CLIENT */;
/*!40101 SET CHARACTER_SET_RESULTS=@OLD_CHARACTER_SET_RESULTS */;
/*!40101 SET COLLATION_CONNECTION=@OLD_COLLATION_CONNECTION */;
